nct_id,nct_id2,models,term,estimate,std.error,statistic,p.value
NCT00968812,NCT00968812,b1,(Intercept),8.063,0.332,24.284,2.184e-109
NCT00968812,NCT00968812,b1,sex,0.632,0.438,1.444,1.489e-01
NCT00968812,NCT00968812,b1,age10,-0.064,0.06,-1.08,2.805e-01
NCT00968812,NCT00968812,b1,arm_f_2_uaa10456,-0.031,0.449,-0.069,9.451e-01
NCT00968812,NCT00968812,b1,arm_f_2_uaa10457,-0.471,0.445,-1.057,2.906e-01
NCT00968812,NCT00968812,b1,sex:age10,-0.078,0.079,-0.995,3.200e-01
NCT00968812,NCT00968812,b1,sex:arm_f_2_uaa10456,-0.357,0.604,-0.591,5.544e-01
NCT00968812,NCT00968812,b1,sex:arm_f_2_uaa10457,0.004,0.607,0.006,9.951e-01
NCT00968812,NCT00968812,b1,age10:arm_f_2_uaa10456,0.002,0.081,0.021,9.830e-01
NCT00968812,NCT00968812,b1,age10:arm_f_2_uaa10457,0.089,0.08,1.111,2.666e-01
NCT00968812,NCT00968812,b1,sex:age10:arm_f_2_uaa10456,0.06,0.109,0.555,5.787e-01
NCT00968812,NCT00968812,b1,sex:age10:arm_f_2_uaa10457,-0.02,0.11,-0.178,8.587e-01
NCT01032629,NCT01032629,b1,(Intercept),8.582,0.326,26.343,7.182e-142
NCT01032629,NCT01032629,b1,sex,0.572,0.396,1.442,1.494e-01
NCT01032629,NCT01032629,b1,age10,-0.058,0.053,-1.088,2.764e-01
NCT01032629,NCT01032629,b1,arm_f_2_uaa10512,0.588,0.453,1.298,1.943e-01
NCT01032629,NCT01032629,b1,arm_f_2_uaa10514,-0.007,0.454,-0.015,9.880e-01
NCT01032629,NCT01032629,b1,sex:age10,-0.111,0.065,-1.721,8.534e-02
NCT01032629,NCT01032629,b1,sex:arm_f_2_uaa10512,-0.661,0.553,-1.195,2.323e-01
NCT01032629,NCT01032629,b1,sex:arm_f_2_uaa10514,-0.247,0.554,-0.447,6.551e-01
NCT01032629,NCT01032629,b1,age10:arm_f_2_uaa10512,-0.083,0.074,-1.123,2.616e-01
NCT01032629,NCT01032629,b1,age10:arm_f_2_uaa10514,-0.004,0.073,-0.049,9.606e-01
NCT01032629,NCT01032629,b1,sex:age10:arm_f_2_uaa10512,0.099,0.09,1.1,2.716e-01
NCT01032629,NCT01032629,b1,sex:age10:arm_f_2_uaa10514,0.048,0.09,0.538,5.908e-01
NCT01106625,NCT01106625,b1,(Intercept),8.898,0.742,11.989,6.036e-29
NCT01106625,NCT01106625,b1,sex,0.713,1.018,0.701,4.839e-01
NCT01106625,NCT01106625,b1,age10,-0.139,0.13,-1.069,2.858e-01
NCT01106625,NCT01106625,b1,arm_f_2_uaa10569,-0.429,0.923,-0.465,6.423e-01
NCT01106625,NCT01106625,b1,arm_f_2_uaa10570,-0.613,1.007,-0.608,5.433e-01
NCT01106625,NCT01106625,b1,sex:age10,-0.115,0.178,-0.644,5.199e-01
NCT01106625,NCT01106625,b1,sex:arm_f_2_uaa10569,-0.639,1.31,-0.488,6.258e-01
NCT01106625,NCT01106625,b1,sex:arm_f_2_uaa10570,0.195,1.386,0.141,8.882e-01
NCT01106625,NCT01106625,b1,age10:arm_f_2_uaa10569,0.059,0.162,0.368,7.131e-01
NCT01106625,NCT01106625,b1,age10:arm_f_2_uaa10570,0.084,0.177,0.476,6.343e-01
NCT01106625,NCT01106625,b1,sex:age10:arm_f_2_uaa10569,0.131,0.227,0.576,5.647e-01
NCT01106625,NCT01106625,b1,sex:age10:arm_f_2_uaa10570,0.004,0.243,0.015,9.880e-01
NCT01081834,NCT01081834,b1,(Intercept),9.03,0.466,19.388,1.079e-64
NCT01081834,NCT01081834,b1,sex,-0.814,0.76,-1.072,2.843e-01
NCT01081834,NCT01081834,b1,age10,-0.166,0.082,-2.012,4.470e-02
NCT01081834,NCT01081834,b1,arm_f_2_uaa10548,-0.141,0.698,-0.202,8.396e-01
NCT01081834,NCT01081834,b1,arm_f_2_uaa10549,-1.228,0.684,-1.795,7.320e-02
NCT01081834,NCT01081834,b1,sex:age10,0.108,0.134,0.804,4.215e-01
NCT01081834,NCT01081834,b1,sex:arm_f_2_uaa10548,1.074,1.052,1.021,3.077e-01
NCT01081834,NCT01081834,b1,sex:arm_f_2_uaa10549,0.272,1.097,0.248,8.040e-01
NCT01081834,NCT01081834,b1,age10:arm_f_2_uaa10548,0.009,0.124,0.076,9.391e-01
NCT01081834,NCT01081834,b1,age10:arm_f_2_uaa10549,0.196,0.122,1.608,1.085e-01
NCT01081834,NCT01081834,b1,sex:age10:arm_f_2_uaa10548,-0.148,0.187,-0.792,4.288e-01
NCT01081834,NCT01081834,b1,sex:age10:arm_f_2_uaa10549,0.007,0.195,0.037,9.708e-01
NCT01106651,NCT01106651,b1,(Intercept),9.536,0.837,11.39,1.081e-27
NCT01106651,NCT01106651,b1,sex,-0.773,1.054,-0.733,4.636e-01
NCT01106651,NCT01106651,b1,age10,-0.303,0.134,-2.273,2.334e-02
NCT01106651,NCT01106651,b1,arm_f_2_uaa10573,-0.875,1.109,-0.789,4.302e-01
NCT01106651,NCT01106651,b1,arm_f_2_uaa10574,-0.392,1.156,-0.339,7.349e-01
NCT01106651,NCT01106651,b1,sex:age10,0.156,0.167,0.935,3.502e-01
NCT01106651,NCT01106651,b1,sex:arm_f_2_uaa10573,1.317,1.455,0.905,3.655e-01
NCT01106651,NCT01106651,b1,sex:arm_f_2_uaa10574,-0.535,1.504,-0.356,7.221e-01
NCT01106651,NCT01106651,b1,age10:arm_f_2_uaa10573,0.152,0.175,0.864,3.879e-01
NCT01106651,NCT01106651,b1,age10:arm_f_2_uaa10574,0.078,0.183,0.424,6.718e-01
NCT01106651,NCT01106651,b1,sex:age10:arm_f_2_uaa10573,-0.216,0.228,-0.946,3.447e-01
NCT01106651,NCT01106651,b1,sex:age10:arm_f_2_uaa10574,0.041,0.237,0.173,8.625e-01
NCT01106677,NCT01106677,b1,(Intercept),8.906,0.522,17.048,8.497e-59
NCT01106677,NCT01106677,b1,sex,-0.392,0.74,-0.529,5.970e-01
NCT01106677,NCT01106677,b1,age10,-0.181,0.095,-1.902,5.746e-02
NCT01106677,NCT01106677,b1,arm_f_2_uaa10577,-1.005,0.646,-1.556,1.201e-01
NCT01106677,NCT01106677,b1,arm_f_2_uaa10578,-0.892,0.65,-1.371,1.707e-01
NCT01106677,NCT01106677,b1,arm_f_2_uaa10580,-0.035,0.631,-0.055,9.562e-01
NCT01106677,NCT01106677,b1,sex:age10,0.085,0.136,0.624,5.325e-01
NCT01106677,NCT01106677,b1,sex:arm_f_2_uaa10577,0.642,0.913,0.703,4.824e-01
NCT01106677,NCT01106677,b1,sex:arm_f_2_uaa10578,0.722,0.921,0.784,4.332e-01
NCT01106677,NCT01106677,b1,sex:arm_f_2_uaa10580,-0.213,0.911,-0.234,8.151e-01
NCT01106677,NCT01106677,b1,age10:arm_f_2_uaa10577,0.169,0.117,1.437,1.509e-01
NCT01106677,NCT01106677,b1,age10:arm_f_2_uaa10578,0.144,0.119,1.211,2.263e-01
NCT01106677,NCT01106677,b1,age10:arm_f_2_uaa10580,-0.004,0.115,-0.039,9.692e-01
NCT01106677,NCT01106677,b1,sex:age10:arm_f_2_uaa10577,-0.087,0.167,-0.52,6.030e-01
NCT01106677,NCT01106677,b1,sex:age10:arm_f_2_uaa10578,-0.09,0.169,-0.533,5.940e-01
NCT01106677,NCT01106677,b1,sex:age10:arm_f_2_uaa10580,0.048,0.167,0.289,7.724e-01
NCT01106690,NCT01106690,b1,(Intercept),11.232,0.953,11.785,5.384e-27
NCT01106690,NCT01106690,b1,sex,-2.891,1.156,-2.501,1.286e-02
NCT01106690,NCT01106690,b1,age10,-0.568,0.163,-3.494,5.414e-04
NCT01106690,NCT01106690,b1,arm_f_2_uaa10582,-2.497,1.163,-2.148,3.247e-02
NCT01106690,NCT01106690,b1,arm_f_2_uaa10583,-3.173,1.258,-2.521,1.216e-02
NCT01106690,NCT01106690,b1,sex:age10,0.511,0.197,2.599,9.758e-03
NCT01106690,NCT01106690,b1,sex:arm_f_2_uaa10582,2.858,1.548,1.846,6.575e-02
NCT01106690,NCT01106690,b1,sex:arm_f_2_uaa10583,3.931,1.546,2.543,1.143e-02
NCT01106690,NCT01106690,b1,age10:arm_f_2_uaa10582,0.419,0.202,2.07,3.927e-02
NCT01106690,NCT01106690,b1,age10:arm_f_2_uaa10583,0.514,0.222,2.313,2.136e-02
NCT01106690,NCT01106690,b1,sex:age10:arm_f_2_uaa10582,-0.513,0.266,-1.93,5.452e-02
NCT01106690,NCT01106690,b1,sex:age10:arm_f_2_uaa10583,-0.629,0.269,-2.336,2.010e-02
NCT01137812,NCT01137812,b1,(Intercept),8.371,0.437,19.159,7.917e-67
NCT01137812,NCT01137812,b1,sex,0.885,0.578,1.531,1.263e-01
NCT01137812,NCT01137812,b1,age10,-0.048,0.076,-0.633,5.272e-01
NCT01137812,NCT01137812,b1,arm_f_2_uaa10614,0.43,0.581,0.74,4.597e-01
NCT01137812,NCT01137812,b1,sex:age10,-0.145,0.101,-1.443,1.494e-01
NCT01137812,NCT01137812,b1,sex:arm_f_2_uaa10614,-0.553,0.802,-0.689,4.912e-01
NCT01137812,NCT01137812,b1,age10:arm_f_2_uaa10614,-0.093,0.101,-0.918,3.591e-01
NCT01137812,NCT01137812,b1,sex:age10:arm_f_2_uaa10614,0.119,0.14,0.849,3.962e-01
NCT01381900,NCT01381900,b1,(Intercept),8.593,0.436,19.705,2.174e-68
NCT01381900,NCT01381900,b1,sex,-0.93,0.562,-1.656,9.817e-02
NCT01381900,NCT01381900,b1,age10,-0.131,0.087,-1.511,1.312e-01
NCT01381900,NCT01381900,b1,arm_f_2_uaa10741,-0.424,0.657,-0.645,5.192e-01
NCT01381900,NCT01381900,b1,arm_f_2_uaa10742,-1.105,0.657,-1.683,9.286e-02
NCT01381900,NCT01381900,b1,sex:age10,0.184,0.112,1.638,1.019e-01
NCT01381900,NCT01381900,b1,sex:arm_f_2_uaa10741,0.877,0.85,1.032,3.026e-01
NCT01381900,NCT01381900,b1,sex:arm_f_2_uaa10742,2.204,0.823,2.679,7.575e-03
NCT01381900,NCT01381900,b1,age10:arm_f_2_uaa10741,0.084,0.13,0.645,5.191e-01
NCT01381900,NCT01381900,b1,age10:arm_f_2_uaa10742,0.221,0.129,1.706,8.845e-02
NCT01381900,NCT01381900,b1,sex:age10:arm_f_2_uaa10741,-0.161,0.169,-0.956,3.395e-01
NCT01381900,NCT01381900,b1,sex:age10:arm_f_2_uaa10742,-0.44,0.163,-2.693,7.263e-03
NCT01809327,NCT01809327,b1,(Intercept),9.553,0.575,16.606,1.038e-55
NCT01809327,NCT01809327,b1,sex,-0.266,0.809,-0.328,7.427e-01
NCT01809327,NCT01809327,b1,age10,-0.171,0.106,-1.617,1.062e-01
NCT01809327,NCT01809327,b1,arm_f_2_uaa10933,-0.938,0.744,-1.261,2.077e-01
NCT01809327,NCT01809327,b1,arm_f_2_uaa10934,0.407,0.866,0.47,6.382e-01
NCT01809327,NCT01809327,b1,arm_f_2_uaa10935,-0.682,0.795,-0.858,3.913e-01
NCT01809327,NCT01809327,b1,arm_f_2_uaa10936,0.998,0.823,1.212,2.258e-01
NCT01809327,NCT01809327,b1,sex:age10,0.114,0.153,0.745,4.567e-01
NCT01809327,NCT01809327,b1,sex:arm_f_2_uaa10933,0.45,1.103,0.408,6.831e-01
NCT01809327,NCT01809327,b1,sex:arm_f_2_uaa10934,0.105,1.189,0.088,9.297e-01
NCT01809327,NCT01809327,b1,sex:arm_f_2_uaa10935,0.165,1.187,0.139,8.898e-01
NCT01809327,NCT01809327,b1,sex:arm_f_2_uaa10936,-0.692,1.15,-0.602,5.472e-01
NCT01809327,NCT01809327,b1,age10:arm_f_2_uaa10933,0.204,0.139,1.469,1.420e-01
NCT01809327,NCT01809327,b1,age10:arm_f_2_uaa10934,-0.059,0.158,-0.374,7.087e-01
NCT01809327,NCT01809327,b1,age10:arm_f_2_uaa10935,0.165,0.148,1.114,2.654e-01
NCT01809327,NCT01809327,b1,age10:arm_f_2_uaa10936,-0.155,0.151,-1.028,3.044e-01
NCT01809327,NCT01809327,b1,sex:age10:arm_f_2_uaa10933,-0.153,0.21,-0.727,4.672e-01
NCT01809327,NCT01809327,b1,sex:age10:arm_f_2_uaa10934,-0.07,0.222,-0.314,7.535e-01
NCT01809327,NCT01809327,b1,sex:age10:arm_f_2_uaa10935,-0.106,0.228,-0.463,6.434e-01
NCT01809327,NCT01809327,b1,sex:age10:arm_f_2_uaa10936,0.099,0.216,0.46,6.453e-01
NCT01989754,NCT01989754,b1,(Intercept),9.226,0.215,42.873,0.000e+00
NCT01989754,NCT01989754,b1,sex,-0.114,0.271,-0.421,6.734e-01
NCT01989754,NCT01989754,b1,age10,-0.144,0.034,-4.243,2.244e-05
NCT01989754,NCT01989754,b1,arm_f_2_uaa10994,0.385,0.303,1.27,2.040e-01
NCT01989754,NCT01989754,b1,sex:age10,0.01,0.043,0.241,8.093e-01
NCT01989754,NCT01989754,b1,sex:arm_f_2_uaa10994,-0.315,0.381,-0.827,4.081e-01
NCT01989754,NCT01989754,b1,age10:arm_f_2_uaa10994,-0.051,0.048,-1.06,2.891e-01
NCT01989754,NCT01989754,b1,sex:age10:arm_f_2_uaa10994,0.038,0.061,0.629,5.297e-01
NCT02025907,NCT02025907,b1,(Intercept),9.486,0.68,13.942,1.247e-31
NCT02025907,NCT02025907,b1,sex,-1.189,0.933,-1.274,2.039e-01
NCT02025907,NCT02025907,b1,age10,-0.181,0.116,-1.563,1.195e-01
NCT02025907,NCT02025907,b1,arm_f_2_uaa11013,-0.884,1.075,-0.822,4.120e-01
NCT02025907,NCT02025907,b1,sex:age10,0.195,0.161,1.21,2.277e-01
NCT02025907,NCT02025907,b1,sex:arm_f_2_uaa11013,2.01,1.395,1.441,1.512e-01
NCT02025907,NCT02025907,b1,age10:arm_f_2_uaa11013,0.159,0.187,0.854,3.943e-01
NCT02025907,NCT02025907,b1,sex:age10:arm_f_2_uaa11013,-0.331,0.242,-1.367,1.730e-01
NCT02065791,NCT02065791,b1,(Intercept),9.094,0.271,33.617,2.103e-220
NCT02065791,NCT02065791,b1,sex,-0.144,0.331,-0.435,6.634e-01
NCT02065791,NCT02065791,b1,age10,-0.106,0.048,-2.211,2.711e-02
NCT02065791,NCT02065791,b1,arm_f_2_uaa11038,0.467,0.376,1.244,2.134e-01
NCT02065791,NCT02065791,b1,sex:age10,-0.04,0.058,-0.686,4.930e-01
NCT02065791,NCT02065791,b1,sex:arm_f_2_uaa11038,-0.547,0.464,-1.18,2.381e-01
NCT02065791,NCT02065791,b1,age10:arm_f_2_uaa11038,-0.087,0.066,-1.309,1.905e-01
NCT02065791,NCT02065791,b1,sex:age10:arm_f_2_uaa11038,0.105,0.082,1.287,1.982e-01
NCT00968812,NCT00968812,f1,(Intercept),3.445,0.194,17.773,6.399e-64
NCT00968812,NCT00968812,f1,value_1,0.447,0.024,18.33,1.774e-67
NCT00968812,NCT00968812,f1,arm_f_2_uaa10456,0.036,0.047,0.78,4.353e-01
NCT00968812,NCT00968812,f1,arm_f_2_uaa10457,-0.068,0.047,-1.458,1.450e-01
NCT01032629,NCT01032629,f1,(Intercept),3.713,0.174,21.297,1.310e-95
NCT01032629,NCT01032629,f1,value_1,0.55,0.021,26.222,2.216e-140
NCT01032629,NCT01032629,f1,arm_f_2_uaa10512,-0.23,0.047,-4.888,1.058e-06
NCT01032629,NCT01032629,f1,arm_f_2_uaa10514,-0.235,0.047,-4.982,6.549e-07
NCT01106625,NCT01106625,f1,(Intercept),3.88,0.344,11.271,4.171e-26
NCT01106625,NCT01106625,f1,value_1,0.485,0.042,11.641,1.535e-27
NCT01106625,NCT01106625,f1,arm_f_2_uaa10569,-0.608,0.093,-6.513,1.988e-10
NCT01106625,NCT01106625,f1,arm_f_2_uaa10570,-0.846,0.093,-9.055,4.269e-18
NCT01081834,NCT01081834,f1,(Intercept),2.954,0.287,10.279,7.674e-23
NCT01081834,NCT01081834,f1,value_1,0.61,0.035,17.374,1.592e-54
NCT01081834,NCT01081834,f1,arm_f_2_uaa10548,-0.649,0.084,-7.692,6.449e-14
NCT01081834,NCT01081834,f1,arm_f_2_uaa10549,-0.863,0.084,-10.284,7.354e-23
NCT01106651,NCT01106651,f1,(Intercept),3.301,0.275,12.002,2.811e-30
NCT01106651,NCT01106651,f1,value_1,0.557,0.035,15.948,5.514e-49
NCT01106651,NCT01106651,f1,arm_f_2_uaa10573,-0.509,0.066,-7.666,6.029e-14
NCT01106651,NCT01106651,f1,arm_f_2_uaa10574,-0.667,0.067,-9.93,8.198e-22
NCT01106677,NCT01106677,f1,(Intercept),3.342,0.192,17.404,6.770e-61
NCT01106677,NCT01106677,f1,value_1,0.529,0.023,22.884,4.830e-97
NCT01106677,NCT01106677,f1,arm_f_2_uaa10577,-0.442,0.067,-6.64,4.658e-11
NCT01106677,NCT01106677,f1,arm_f_2_uaa10578,-0.567,0.067,-8.49,5.783e-17
NCT01106677,NCT01106677,f1,arm_f_2_uaa10580,-0.504,0.067,-7.54,9.016e-14
NCT01106690,NCT01106690,f1,(Intercept),3.675,0.325,11.291,3.004e-25
NCT01106690,NCT01106690,f1,value_1,0.483,0.04,12.108,3.273e-28
NCT01106690,NCT01106690,f1,arm_f_2_uaa10582,-0.631,0.093,-6.813,4.479e-11
NCT01106690,NCT01106690,f1,arm_f_2_uaa10583,-0.488,0.092,-5.29,2.216e-07
NCT01137812,NCT01137812,f1,(Intercept),3.404,0.292,11.665,5.933e-29
NCT01137812,NCT01137812,f1,value_1,0.503,0.035,14.162,2.071e-40
NCT01137812,NCT01137812,f1,arm_f_2_uaa10614,-0.37,0.065,-5.724,1.518e-08
NCT01381900,NCT01381900,f1,(Intercept),2.821,0.269,10.468,8.009e-24
NCT01381900,NCT01381900,f1,value_1,0.596,0.033,17.859,1.909e-58
NCT01381900,NCT01381900,f1,arm_f_2_uaa10741,-0.48,0.071,-6.735,3.591e-11
NCT01381900,NCT01381900,f1,arm_f_2_uaa10742,-0.581,0.071,-8.152,1.818e-15
NCT01809327,NCT01809327,f1,(Intercept),3.97,0.241,16.451,9.420e-55
NCT01809327,NCT01809327,f1,value_1,0.411,0.026,15.622,5.118e-50
NCT01809327,NCT01809327,f1,arm_f_2_uaa10933,-0.124,0.099,-1.254,2.100e-01
NCT01809327,NCT01809327,f1,arm_f_2_uaa10934,-0.134,0.099,-1.363,1.732e-01
NCT01809327,NCT01809327,f1,arm_f_2_uaa10935,-0.554,0.098,-5.639,2.150e-08
NCT01809327,NCT01809327,f1,arm_f_2_uaa10936,-0.534,0.098,-5.426,7.030e-08
NCT01989754,NCT01989754,f1,(Intercept),3.772,0.133,28.294,8.378e-165
NCT01989754,NCT01989754,f1,value_1,0.529,0.016,33.29,5.280e-222
NCT01989754,NCT01989754,f1,arm_f_2_uaa10994,-0.495,0.03,-16.455,1.853e-59
NCT02025907,NCT02025907,f1,(Intercept),3.376,0.72,4.686,5.134e-06
NCT02025907,NCT02025907,f1,value_1,0.595,0.085,6.991,3.984e-11
NCT02025907,NCT02025907,f1,arm_f_2_uaa11013,-0.811,0.141,-5.737,3.519e-08
NCT02065791,NCT02065791,f1,(Intercept),3.873,0.14,27.72,3.328e-155
NCT02065791,NCT02065791,f1,value_1,0.499,0.017,30.22,2.372e-181
NCT02065791,NCT02065791,f1,arm_f_2_uaa11038,-0.132,0.043,-3.052,2.287e-03
NCT00968812,NCT00968812,f2,(Intercept),4.26,0.287,14.829,2.476e-46
NCT00968812,NCT00968812,f2,value_1,0.441,0.024,18.109,4.811e-66
NCT00968812,NCT00968812,f2,age10,-0.141,0.036,-3.884,1.075e-04
NCT00968812,NCT00968812,f2,arm_f_2_uaa10456,-1.005,0.278,-3.617,3.085e-04
NCT00968812,NCT00968812,f2,arm_f_2_uaa10457,-0.794,0.28,-2.833,4.681e-03
NCT00968812,NCT00968812,f2,age10:arm_f_2_uaa10456,0.19,0.05,3.803,1.493e-04
NCT00968812,NCT00968812,f2,age10:arm_f_2_uaa10457,0.133,0.051,2.613,9.060e-03
NCT01032629,NCT01032629,f2,(Intercept),4.792,0.317,15.118,2.637e-50
NCT01032629,NCT01032629,f2,value_1,0.537,0.021,25.529,1.183e-133
NCT01032629,NCT01032629,f2,age10,-0.16,0.042,-3.816,1.378e-04
NCT01032629,NCT01032629,f2,arm_f_2_uaa10512,-0.133,0.357,-0.373,7.091e-01
NCT01032629,NCT01032629,f2,arm_f_2_uaa10514,-0.829,0.358,-2.317,2.053e-02
NCT01032629,NCT01032629,f2,age10:arm_f_2_uaa10512,-0.016,0.058,-0.275,7.832e-01
NCT01032629,NCT01032629,f2,age10:arm_f_2_uaa10514,0.098,0.058,1.695,9.018e-02
NCT01106625,NCT01106625,f2,(Intercept),3.957,0.609,6.501,2.155e-10
NCT01106625,NCT01106625,f2,value_1,0.483,0.042,11.531,4.346e-27
NCT01106625,NCT01106625,f2,age10,-0.012,0.083,-0.141,8.877e-01
NCT01106625,NCT01106625,f2,arm_f_2_uaa10569,-0.122,0.599,-0.204,8.384e-01
NCT01106625,NCT01106625,f2,arm_f_2_uaa10570,-1.161,0.637,-1.822,6.914e-02
NCT01106625,NCT01106625,f2,age10:arm_f_2_uaa10569,-0.085,0.104,-0.816,4.150e-01
NCT01106625,NCT01106625,f2,age10:arm_f_2_uaa10570,0.056,0.111,0.502,6.159e-01
NCT01081834,NCT01081834,f2,(Intercept),3.356,0.435,7.707,5.848e-14
NCT01081834,NCT01081834,f2,value_1,0.602,0.035,16.975,1.644e-52
NCT01081834,NCT01081834,f2,age10,-0.061,0.055,-1.112,2.665e-01
NCT01081834,NCT01081834,f2,arm_f_2_uaa10548,-0.73,0.437,-1.671,9.529e-02
NCT01081834,NCT01081834,f2,arm_f_2_uaa10549,-1.497,0.453,-3.305,1.010e-03
NCT01081834,NCT01081834,f2,age10:arm_f_2_uaa10548,0.014,0.078,0.181,8.561e-01
NCT01081834,NCT01081834,f2,age10:arm_f_2_uaa10549,0.114,0.08,1.423,1.552e-01
NCT01106651,NCT01106651,f2,(Intercept),4.638,0.569,8.145,1.780e-15
NCT01106651,NCT01106651,f2,value_1,0.549,0.035,15.648,1.918e-47
NCT01106651,NCT01106651,f2,age10,-0.202,0.075,-2.688,7.352e-03
NCT01106651,NCT01106651,f2,arm_f_2_uaa10573,-1.602,0.664,-2.412,1.611e-02
NCT01106651,NCT01106651,f2,arm_f_2_uaa10574,-2.369,0.693,-3.42,6.644e-04
NCT01106651,NCT01106651,f2,age10:arm_f_2_uaa10573,0.174,0.104,1.673,9.472e-02
NCT01106651,NCT01106651,f2,age10:arm_f_2_uaa10574,0.269,0.109,2.47,1.373e-02
NCT01106677,NCT01106677,f2,(Intercept),3.885,0.365,10.629,2.584e-25
NCT01106677,NCT01106677,f2,value_1,0.524,0.023,22.633,3.090e-95
NCT01106677,NCT01106677,f2,age10,-0.093,0.056,-1.664,9.642e-02
NCT01106677,NCT01106677,f2,arm_f_2_uaa10577,-1.118,0.377,-2.965,3.088e-03
NCT01106677,NCT01106677,f2,arm_f_2_uaa10578,-1.435,0.382,-3.761,1.774e-04
NCT01106677,NCT01106677,f2,arm_f_2_uaa10580,-0.455,0.375,-1.212,2.258e-01
NCT01106677,NCT01106677,f2,age10:arm_f_2_uaa10577,0.126,0.069,1.821,6.885e-02
NCT01106677,NCT01106677,f2,age10:arm_f_2_uaa10578,0.161,0.07,2.311,2.099e-02
NCT01106677,NCT01106677,f2,age10:arm_f_2_uaa10580,-0.009,0.069,-0.132,8.952e-01
NCT01106690,NCT01106690,f2,(Intercept),4.327,0.543,7.964,2.719e-14
NCT01106690,NCT01106690,f2,value_1,0.484,0.04,12.042,6.237e-28
NCT01106690,NCT01106690,f2,age10,-0.113,0.068,-1.664,9.703e-02
NCT01106690,NCT01106690,f2,arm_f_2_uaa10582,-1.721,0.542,-3.172,1.655e-03
NCT01106690,NCT01106690,f2,arm_f_2_uaa10583,-1.86,0.536,-3.469,5.915e-04
NCT01106690,NCT01106690,f2,age10:arm_f_2_uaa10582,0.19,0.093,2.036,4.252e-02
NCT01106690,NCT01106690,f2,age10:arm_f_2_uaa10583,0.239,0.092,2.603,9.670e-03
NCT01137812,NCT01137812,f2,(Intercept),4.406,0.432,10.207,5.934e-23
NCT01137812,NCT01137812,f2,value_1,0.491,0.036,13.745,2.157e-38
NCT01137812,NCT01137812,f2,age10,-0.16,0.051,-3.164,1.621e-03
NCT01137812,NCT01137812,f2,arm_f_2_uaa10614,-1.297,0.395,-3.288,1.059e-03
NCT01137812,NCT01137812,f2,age10:arm_f_2_uaa10614,0.164,0.069,2.379,1.764e-02
NCT01381900,NCT01381900,f2,(Intercept),2.512,0.358,7.006,6.094e-12
NCT01381900,NCT01381900,f2,value_1,0.598,0.033,17.866,1.945e-58
NCT01381900,NCT01381900,f2,age10,0.06,0.048,1.269,2.049e-01
NCT01381900,NCT01381900,f2,arm_f_2_uaa10741,-0.255,0.362,-0.705,4.810e-01
NCT01381900,NCT01381900,f2,arm_f_2_uaa10742,-0.432,0.344,-1.257,2.093e-01
NCT01381900,NCT01381900,f2,age10:arm_f_2_uaa10741,-0.046,0.072,-0.642,5.211e-01
NCT01381900,NCT01381900,f2,age10:arm_f_2_uaa10742,-0.031,0.069,-0.448,6.539e-01
NCT01809327,NCT01809327,f2,(Intercept),3.806,0.441,8.633,1.983e-17
NCT01809327,NCT01809327,f2,value_1,0.417,0.026,15.782,6.758e-51
NCT01809327,NCT01809327,f2,age10,0.02,0.068,0.297,7.661e-01
NCT01809327,NCT01809327,f2,arm_f_2_uaa10933,-0.479,0.495,-0.968,3.333e-01
NCT01809327,NCT01809327,f2,arm_f_2_uaa10934,-0.845,0.532,-1.589,1.123e-01
NCT01809327,NCT01809327,f2,arm_f_2_uaa10935,-0.948,0.522,-1.817,6.950e-02
NCT01809327,NCT01809327,f2,arm_f_2_uaa10936,-0.778,0.518,-1.501,1.336e-01
NCT01809327,NCT01809327,f2,age10:arm_f_2_uaa10933,0.071,0.094,0.75,4.537e-01
NCT01809327,NCT01809327,f2,age10:arm_f_2_uaa10934,0.134,0.1,1.349,1.776e-01
NCT01809327,NCT01809327,f2,age10:arm_f_2_uaa10935,0.078,0.1,0.782,4.346e-01
NCT01809327,NCT01809327,f2,age10:arm_f_2_uaa10936,0.046,0.097,0.474,6.354e-01
NCT01989754,NCT01989754,f2,(Intercept),4.916,0.216,22.772,6.922e-110
NCT01989754,NCT01989754,f2,value_1,0.519,0.016,32.495,1.830e-212
NCT01989754,NCT01989754,f2,age10,-0.17,0.025,-6.715,2.060e-11
NCT01989754,NCT01989754,f2,arm_f_2_uaa10994,-1.496,0.224,-6.682,2.589e-11
NCT01989754,NCT01989754,f2,age10:arm_f_2_uaa10994,0.16,0.036,4.51,6.602e-06
NCT02025907,NCT02025907,f2,(Intercept),4.228,0.964,4.384,1.894e-05
NCT02025907,NCT02025907,f2,value_1,0.587,0.086,6.849,9.133e-11
NCT02025907,NCT02025907,f2,age10,-0.137,0.101,-1.359,1.756e-01
NCT02025907,NCT02025907,f2,arm_f_2_uaa11013,-1.784,0.847,-2.106,3.644e-02
NCT02025907,NCT02025907,f2,age10:arm_f_2_uaa11013,0.171,0.146,1.166,2.452e-01
NCT02065791,NCT02065791,f2,(Intercept),4.542,0.226,20.064,1.665e-85
NCT02065791,NCT02065791,f2,value_1,0.489,0.017,29.536,4.844e-174
NCT02065791,NCT02065791,f2,age10,-0.104,0.03,-3.474,5.190e-04
NCT02065791,NCT02065791,f2,arm_f_2_uaa11038,0.053,0.241,0.22,8.258e-01
NCT02065791,NCT02065791,f2,age10:arm_f_2_uaa11038,-0.033,0.042,-0.789,4.304e-01
NCT00968812,NCT00968812,f3,(Intercept),3.488,0.196,17.837,2.584e-64
NCT00968812,NCT00968812,f3,value_1,0.451,0.025,18.39,7.532e-68
NCT00968812,NCT00968812,f3,sex,-0.128,0.067,-1.927,5.416e-02
NCT00968812,NCT00968812,f3,arm_f_2_uaa10456,-0.046,0.068,-0.668,5.044e-01
NCT00968812,NCT00968812,f3,arm_f_2_uaa10457,-0.117,0.068,-1.718,8.593e-02
NCT00968812,NCT00968812,f3,sex:arm_f_2_uaa10456,0.151,0.094,1.614,1.068e-01
NCT00968812,NCT00968812,f3,sex:arm_f_2_uaa10457,0.084,0.094,0.899,3.688e-01
NCT01032629,NCT01032629,f3,(Intercept),3.761,0.182,20.694,1.274e-90
NCT01032629,NCT01032629,f3,value_1,0.548,0.021,26.093,4.105e-139
NCT01032629,NCT01032629,f3,sex,-0.049,0.071,-0.69,4.901e-01
NCT01032629,NCT01032629,f3,arm_f_2_uaa10512,-0.205,0.081,-2.536,1.125e-02
NCT01032629,NCT01032629,f3,arm_f_2_uaa10514,-0.206,0.081,-2.554,1.069e-02
NCT01032629,NCT01032629,f3,sex:arm_f_2_uaa10512,-0.036,0.099,-0.36,7.186e-01
NCT01032629,NCT01032629,f3,sex:arm_f_2_uaa10514,-0.044,0.099,-0.446,6.559e-01
NCT01106625,NCT01106625,f3,(Intercept),3.83,0.351,10.904,1.090e-24
NCT01106625,NCT01106625,f3,value_1,0.488,0.042,11.653,1.448e-27
NCT01106625,NCT01106625,f3,sex,0.051,0.133,0.381,7.034e-01
NCT01106625,NCT01106625,f3,arm_f_2_uaa10569,-0.472,0.132,-3.587,3.722e-04
NCT01106625,NCT01106625,f3,arm_f_2_uaa10570,-0.828,0.136,-6.072,2.718e-09
NCT01106625,NCT01106625,f3,sex:arm_f_2_uaa10569,-0.272,0.187,-1.459,1.453e-01
NCT01106625,NCT01106625,f3,sex:arm_f_2_uaa10570,-0.038,0.188,-0.201,8.405e-01
NCT01081834,NCT01081834,f3,(Intercept),2.928,0.297,9.865,2.771e-21
NCT01081834,NCT01081834,f3,value_1,0.61,0.035,17.305,3.920e-54
NCT01081834,NCT01081834,f3,sex,0.055,0.12,0.456,6.484e-01
NCT01081834,NCT01081834,f3,arm_f_2_uaa10548,-0.638,0.113,-5.66,2.410e-08
NCT01081834,NCT01081834,f3,arm_f_2_uaa10549,-0.869,0.114,-7.618,1.098e-13
NCT01081834,NCT01081834,f3,sex:arm_f_2_uaa10548,-0.022,0.171,-0.13,8.965e-01
NCT01081834,NCT01081834,f3,sex:arm_f_2_uaa10549,0.013,0.169,0.074,9.409e-01
NCT01106651,NCT01106651,f3,(Intercept),3.343,0.279,11.968,4.062e-30
NCT01106651,NCT01106651,f3,value_1,0.56,0.035,15.957,5.266e-49
NCT01106651,NCT01106651,f3,sex,-0.105,0.097,-1.076,2.823e-01
NCT01106651,NCT01106651,f3,arm_f_2_uaa10573,-0.543,0.101,-5.375,1.052e-07
NCT01106651,NCT01106651,f3,arm_f_2_uaa10574,-0.71,0.104,-6.829,1.884e-11
NCT01106651,NCT01106651,f3,sex:arm_f_2_uaa10573,0.048,0.135,0.36,7.190e-01
NCT01106651,NCT01106651,f3,sex:arm_f_2_uaa10574,0.066,0.137,0.486,6.274e-01
NCT01106677,NCT01106677,f3,(Intercept),3.274,0.201,16.314,2.325e-54
NCT01106677,NCT01106677,f3,value_1,0.528,0.023,22.667,1.782e-95
NCT01106677,NCT01106677,f3,sex,0.142,0.109,1.304,1.923e-01
NCT01106677,NCT01106677,f3,arm_f_2_uaa10577,-0.374,0.094,-3.965,7.769e-05
NCT01106677,NCT01106677,f3,arm_f_2_uaa10578,-0.483,0.094,-5.126,3.429e-07
NCT01106677,NCT01106677,f3,arm_f_2_uaa10580,-0.457,0.095,-4.832,1.519e-06
NCT01106677,NCT01106677,f3,sex:arm_f_2_uaa10577,-0.131,0.133,-0.978,3.281e-01
NCT01106677,NCT01106677,f3,sex:arm_f_2_uaa10578,-0.164,0.134,-1.227,2.202e-01
NCT01106677,NCT01106677,f3,sex:arm_f_2_uaa10580,-0.085,0.134,-0.634,5.265e-01
NCT01106690,NCT01106690,f3,(Intercept),3.611,0.338,10.679,4.613e-23
NCT01106690,NCT01106690,f3,value_1,0.481,0.04,11.988,9.818e-28
NCT01106690,NCT01106690,f3,sex,0.125,0.138,0.912,3.623e-01
NCT01106690,NCT01106690,f3,arm_f_2_uaa10582,-0.637,0.15,-4.255,2.724e-05
NCT01106690,NCT01106690,f3,arm_f_2_uaa10583,-0.509,0.162,-3.132,1.889e-03
NCT01106690,NCT01106690,f3,sex:arm_f_2_uaa10582,0.035,0.191,0.182,8.553e-01
NCT01106690,NCT01106690,f3,sex:arm_f_2_uaa10583,0.027,0.197,0.135,8.924e-01
NCT01137812,NCT01137812,f3,(Intercept),3.455,0.296,11.676,5.378e-29
NCT01137812,NCT01137812,f3,value_1,0.505,0.036,14.182,1.705e-40
NCT01137812,NCT01137812,f3,sex,-0.119,0.093,-1.278,2.016e-01
NCT01137812,NCT01137812,f3,arm_f_2_uaa10614,-0.422,0.098,-4.323,1.757e-05
NCT01137812,NCT01137812,f3,sex:arm_f_2_uaa10614,0.09,0.13,0.689,4.910e-01
NCT01381900,NCT01381900,f3,(Intercept),2.842,0.276,10.314,3.260e-23
NCT01381900,NCT01381900,f3,value_1,0.597,0.033,17.921,9.959e-59
NCT01381900,NCT01381900,f3,sex,-0.059,0.101,-0.584,5.592e-01
NCT01381900,NCT01381900,f3,arm_f_2_uaa10741,-0.45,0.107,-4.217,2.831e-05
NCT01381900,NCT01381900,f3,arm_f_2_uaa10742,-0.525,0.104,-5.065,5.323e-07
NCT01381900,NCT01381900,f3,sex:arm_f_2_uaa10741,-0.054,0.143,-0.378,7.057e-01
NCT01381900,NCT01381900,f3,sex:arm_f_2_uaa10742,-0.121,0.143,-0.848,3.968e-01
NCT01809327,NCT01809327,f3,(Intercept),4.025,0.247,16.305,6.931e-54
NCT01809327,NCT01809327,f3,value_1,0.413,0.026,15.658,3.338e-50
NCT01809327,NCT01809327,f3,sex,-0.153,0.139,-1.101,2.713e-01
NCT01809327,NCT01809327,f3,arm_f_2_uaa10933,-0.076,0.135,-0.562,5.744e-01
NCT01809327,NCT01809327,f3,arm_f_2_uaa10934,-0.142,0.141,-1.007,3.143e-01
NCT01809327,NCT01809327,f3,arm_f_2_uaa10935,-0.591,0.135,-4.385,1.269e-05
NCT01809327,NCT01809327,f3,arm_f_2_uaa10936,-0.633,0.137,-4.633,4.026e-06
NCT01809327,NCT01809327,f3,sex:arm_f_2_uaa10933,-0.121,0.198,-0.612,5.409e-01
NCT01809327,NCT01809327,f3,sex:arm_f_2_uaa10934,0.028,0.197,0.14,8.885e-01
NCT01809327,NCT01809327,f3,sex:arm_f_2_uaa10935,0.07,0.197,0.354,7.232e-01
NCT01809327,NCT01809327,f3,sex:arm_f_2_uaa10936,0.205,0.197,1.045,2.964e-01
NCT01989754,NCT01989754,f3,(Intercept),3.868,0.136,28.362,1.571e-165
NCT01989754,NCT01989754,f3,value_1,0.526,0.016,33.145,2.983e-220
NCT01989754,NCT01989754,f3,sex,-0.123,0.044,-2.82,4.823e-03
NCT01989754,NCT01989754,f3,arm_f_2_uaa10994,-0.5,0.049,-10.149,5.364e-24
NCT01989754,NCT01989754,f3,sex:arm_f_2_uaa10994,0.012,0.062,0.194,8.459e-01
NCT02025907,NCT02025907,f3,(Intercept),3.449,0.736,4.687,5.157e-06
NCT02025907,NCT02025907,f3,value_1,0.595,0.086,6.955,5.007e-11
NCT02025907,NCT02025907,f3,sex,-0.13,0.201,-0.647,5.183e-01
NCT02025907,NCT02025907,f3,arm_f_2_uaa11013,-0.784,0.215,-3.643,3.442e-04
NCT02025907,NCT02025907,f3,sex:arm_f_2_uaa11013,-0.026,0.286,-0.091,9.277e-01
NCT02065791,NCT02065791,f3,(Intercept),3.983,0.151,26.348,1.681e-141
NCT02065791,NCT02065791,f3,value_1,0.494,0.017,29.67,1.821e-175
NCT02065791,NCT02065791,f3,sex,-0.094,0.065,-1.447,1.479e-01
NCT02065791,NCT02065791,f3,arm_f_2_uaa11038,-0.091,0.074,-1.224,2.209e-01
NCT02065791,NCT02065791,f3,sex:arm_f_2_uaa11038,-0.064,0.091,-0.697,4.858e-01
NCT00968812,NCT00968812,f4,(Intercept),4.321,0.289,14.949,5.383e-47
NCT00968812,NCT00968812,f4,value_1,0.445,0.024,18.181,1.716e-66
NCT00968812,NCT00968812,f4,age10,-0.143,0.036,-3.953,8.113e-05
NCT00968812,NCT00968812,f4,arm_f_2_uaa10456,-1.102,0.282,-3.906,9.819e-05
NCT00968812,NCT00968812,f4,arm_f_2_uaa10457,-0.86,0.285,-3.014,2.624e-03
NCT00968812,NCT00968812,f4,sex,-0.137,0.066,-2.072,3.845e-02
NCT00968812,NCT00968812,f4,age10:arm_f_2_uaa10456,0.193,0.05,3.846,1.253e-04
NCT00968812,NCT00968812,f4,age10:arm_f_2_uaa10457,0.135,0.051,2.662,7.868e-03
NCT00968812,NCT00968812,f4,arm_f_2_uaa10456:sex,0.156,0.093,1.679,9.343e-02
NCT00968812,NCT00968812,f4,arm_f_2_uaa10457:sex,0.094,0.093,1.005,3.152e-01
NCT01032629,NCT01032629,f4,(Intercept),4.859,0.323,15.046,7.395e-50
NCT01032629,NCT01032629,f4,value_1,0.534,0.021,25.393,2.398e-132
NCT01032629,NCT01032629,f4,age10,-0.162,0.042,-3.852,1.187e-04
NCT01032629,NCT01032629,f4,arm_f_2_uaa10512,-0.129,0.364,-0.354,7.231e-01
NCT01032629,NCT01032629,f4,arm_f_2_uaa10514,-0.808,0.366,-2.211,2.706e-02
NCT01032629,NCT01032629,f4,sex,-0.06,0.07,-0.858,3.910e-01
NCT01032629,NCT01032629,f4,age10:arm_f_2_uaa10512,-0.014,0.058,-0.243,8.082e-01
NCT01032629,NCT01032629,f4,age10:arm_f_2_uaa10514,0.099,0.058,1.701,8.902e-02
NCT01032629,NCT01032629,f4,arm_f_2_uaa10512:sex,-0.023,0.099,-0.231,8.171e-01
NCT01032629,NCT01032629,f4,arm_f_2_uaa10514:sex,-0.035,0.099,-0.357,7.214e-01
NCT01106625,NCT01106625,f4,(Intercept),3.906,0.613,6.372,4.699e-10
NCT01106625,NCT01106625,f4,value_1,0.486,0.042,11.536,4.358e-27
NCT01106625,NCT01106625,f4,age10,-0.011,0.083,-0.137,8.912e-01
NCT01106625,NCT01106625,f4,arm_f_2_uaa10569,-0.029,0.604,-0.048,9.618e-01
NCT01106625,NCT01106625,f4,arm_f_2_uaa10570,-1.144,0.646,-1.772,7.706e-02
NCT01106625,NCT01106625,f4,sex,0.051,0.133,0.382,7.028e-01
NCT01106625,NCT01106625,f4,age10:arm_f_2_uaa10569,-0.078,0.104,-0.754,4.514e-01
NCT01106625,NCT01106625,f4,age10:arm_f_2_uaa10570,0.056,0.111,0.502,6.158e-01
NCT01106625,NCT01106625,f4,arm_f_2_uaa10569:sex,-0.26,0.187,-1.39,1.653e-01
NCT01106625,NCT01106625,f4,arm_f_2_uaa10570:sex,-0.037,0.188,-0.196,8.446e-01
NCT01081834,NCT01081834,f4,(Intercept),3.329,0.442,7.529,2.046e-13
NCT01081834,NCT01081834,f4,value_1,0.603,0.036,16.913,3.688e-52
NCT01081834,NCT01081834,f4,age10,-0.061,0.055,-1.112,2.666e-01
NCT01081834,NCT01081834,f4,arm_f_2_uaa10548,-0.722,0.447,-1.614,1.071e-01
NCT01081834,NCT01081834,f4,arm_f_2_uaa10549,-1.495,0.459,-3.255,1.203e-03
NCT01081834,NCT01081834,f4,sex,0.054,0.12,0.451,6.523e-01
NCT01081834,NCT01081834,f4,age10:arm_f_2_uaa10548,0.015,0.078,0.195,8.458e-01
NCT01081834,NCT01081834,f4,age10:arm_f_2_uaa10549,0.113,0.081,1.405,1.607e-01
NCT01081834,NCT01081834,f4,arm_f_2_uaa10548:sex,-0.029,0.171,-0.17,8.648e-01
NCT01081834,NCT01081834,f4,arm_f_2_uaa10549:sex,0.01,0.169,0.056,9.550e-01
NCT01106651,NCT01106651,f4,(Intercept),4.62,0.571,8.093,2.664e-15
NCT01106651,NCT01106651,f4,value_1,0.552,0.035,15.628,2.591e-47
NCT01106651,NCT01106651,f4,age10,-0.195,0.076,-2.573,1.028e-02
NCT01106651,NCT01106651,f4,arm_f_2_uaa10573,-1.602,0.665,-2.408,1.628e-02
NCT01106651,NCT01106651,f4,arm_f_2_uaa10574,-2.349,0.696,-3.375,7.804e-04
NCT01106651,NCT01106651,f4,sex,-0.075,0.098,-0.769,4.419e-01
NCT01106651,NCT01106651,f4,age10:arm_f_2_uaa10573,0.171,0.104,1.633,1.029e-01
NCT01106651,NCT01106651,f4,age10:arm_f_2_uaa10574,0.262,0.109,2.395,1.689e-02
NCT01106651,NCT01106651,f4,arm_f_2_uaa10573:sex,0.023,0.135,0.169,8.656e-01
NCT01106651,NCT01106651,f4,arm_f_2_uaa10574:sex,0.037,0.137,0.27,7.870e-01
NCT01106677,NCT01106677,f4,(Intercept),3.804,0.373,10.209,1.500e-23
NCT01106677,NCT01106677,f4,value_1,0.523,0.023,22.415,1.123e-93
NCT01106677,NCT01106677,f4,age10,-0.09,0.056,-1.607,1.084e-01
NCT01106677,NCT01106677,f4,arm_f_2_uaa10577,-1.045,0.388,-2.695,7.133e-03
NCT01106677,NCT01106677,f4,arm_f_2_uaa10578,-1.34,0.389,-3.442,5.969e-04
NCT01106677,NCT01106677,f4,arm_f_2_uaa10580,-0.395,0.383,-1.029,3.035e-01
NCT01106677,NCT01106677,f4,sex,0.135,0.109,1.239,2.158e-01
NCT01106677,NCT01106677,f4,age10:arm_f_2_uaa10577,0.123,0.069,1.784,7.472e-02
NCT01106677,NCT01106677,f4,age10:arm_f_2_uaa10578,0.159,0.07,2.269,2.344e-02
NCT01106677,NCT01106677,f4,age10:arm_f_2_uaa10580,-0.012,0.069,-0.18,8.571e-01
NCT01106677,NCT01106677,f4,arm_f_2_uaa10577:sex,-0.116,0.133,-0.873,3.826e-01
NCT01106677,NCT01106677,f4,arm_f_2_uaa10578:sex,-0.159,0.134,-1.187,2.353e-01
NCT01106677,NCT01106677,f4,arm_f_2_uaa10580:sex,-0.075,0.134,-0.565,5.724e-01
NCT01106690,NCT01106690,f4,(Intercept),4.272,0.551,7.752,1.156e-13
NCT01106690,NCT01106690,f4,value_1,0.481,0.04,11.879,2.675e-27
NCT01106690,NCT01106690,f4,age10,-0.114,0.068,-1.684,9.309e-02
NCT01106690,NCT01106690,f4,arm_f_2_uaa10582,-1.619,0.55,-2.943,3.486e-03
NCT01106690,NCT01106690,f4,arm_f_2_uaa10583,-1.796,0.544,-3.301,1.071e-03
NCT01106690,NCT01106690,f4,sex,0.129,0.137,0.942,3.470e-01
NCT01106690,NCT01106690,f4,age10:arm_f_2_uaa10582,0.174,0.095,1.834,6.752e-02
NCT01106690,NCT01106690,f4,age10:arm_f_2_uaa10583,0.232,0.093,2.488,1.335e-02
NCT01106690,NCT01106690,f4,arm_f_2_uaa10582:sex,-0.001,0.193,-0.004,9.970e-01
NCT01106690,NCT01106690,f4,arm_f_2_uaa10583:sex,-0.032,0.199,-0.163,8.703e-01
NCT01137812,NCT01137812,f4,(Intercept),4.47,0.435,10.268,3.439e-23
NCT01137812,NCT01137812,f4,value_1,0.493,0.036,13.766,1.747e-38
NCT01137812,NCT01137812,f4,age10,-0.162,0.051,-3.194,1.465e-03
NCT01137812,NCT01137812,f4,arm_f_2_uaa10614,-1.366,0.402,-3.394,7.259e-04
NCT01137812,NCT01137812,f4,sex,-0.126,0.093,-1.363,1.733e-01
NCT01137812,NCT01137812,f4,age10:arm_f_2_uaa10614,0.165,0.069,2.406,1.639e-02
NCT01137812,NCT01137812,f4,arm_f_2_uaa10614:sex,0.099,0.13,0.764,4.452e-01
NCT01381900,NCT01381900,f4,(Intercept),2.538,0.364,6.967,7.958e-12
NCT01381900,NCT01381900,f4,value_1,0.599,0.033,17.911,1.247e-58
NCT01381900,NCT01381900,f4,age10,0.059,0.048,1.251,2.114e-01
NCT01381900,NCT01381900,f4,arm_f_2_uaa10741,-0.214,0.374,-0.572,5.677e-01
NCT01381900,NCT01381900,f4,arm_f_2_uaa10742,-0.326,0.359,-0.908,3.644e-01
NCT01381900,NCT01381900,f4,sex,-0.055,0.101,-0.539,5.900e-01
NCT01381900,NCT01381900,f4,age10:arm_f_2_uaa10741,-0.048,0.072,-0.669,5.036e-01
NCT01381900,NCT01381900,f4,age10:arm_f_2_uaa10742,-0.041,0.069,-0.594,5.527e-01
NCT01381900,NCT01381900,f4,arm_f_2_uaa10741:sex,-0.058,0.144,-0.402,6.879e-01
NCT01381900,NCT01381900,f4,arm_f_2_uaa10742:sex,-0.121,0.144,-0.841,4.007e-01
NCT01809327,NCT01809327,f4,(Intercept),3.919,0.453,8.658,1.618e-17
NCT01809327,NCT01809327,f4,value_1,0.419,0.026,15.807,5.074e-51
NCT01809327,NCT01809327,f4,age10,0.01,0.069,0.146,8.838e-01
NCT01809327,NCT01809327,f4,arm_f_2_uaa10933,-0.465,0.514,-0.906,3.652e-01
NCT01809327,NCT01809327,f4,arm_f_2_uaa10934,-0.895,0.561,-1.596,1.108e-01
NCT01809327,NCT01809327,f4,arm_f_2_uaa10935,-1.028,0.548,-1.875,6.108e-02
NCT01809327,NCT01809327,f4,arm_f_2_uaa10936,-0.958,0.542,-1.766,7.763e-02
NCT01809327,NCT01809327,f4,sex,-0.153,0.14,-1.087,2.771e-01
NCT01809327,NCT01809327,f4,age10:arm_f_2_uaa10933,0.077,0.095,0.809,4.187e-01
NCT01809327,NCT01809327,f4,age10:arm_f_2_uaa10934,0.138,0.101,1.374,1.697e-01
NCT01809327,NCT01809327,f4,age10:arm_f_2_uaa10935,0.084,0.101,0.831,4.064e-01
NCT01809327,NCT01809327,f4,age10:arm_f_2_uaa10936,0.06,0.098,0.615,5.390e-01
NCT01809327,NCT01809327,f4,arm_f_2_uaa10933:sex,-0.115,0.198,-0.581,5.613e-01
NCT01809327,NCT01809327,f4,arm_f_2_uaa10934:sex,0.07,0.199,0.352,7.249e-01
NCT01809327,NCT01809327,f4,arm_f_2_uaa10935:sex,0.098,0.199,0.491,6.239e-01
NCT01809327,NCT01809327,f4,arm_f_2_uaa10936:sex,0.219,0.198,1.104,2.697e-01
NCT01989754,NCT01989754,f4,(Intercept),5.029,0.218,23.055,1.844e-112
NCT01989754,NCT01989754,f4,value_1,0.516,0.016,32.341,1.255e-210
NCT01989754,NCT01989754,f4,age10,-0.172,0.025,-6.797,1.181e-11
NCT01989754,NCT01989754,f4,arm_f_2_uaa10994,-1.513,0.227,-6.653,3.135e-11
NCT01989754,NCT01989754,f4,sex,-0.13,0.044,-2.979,2.901e-03
NCT01989754,NCT01989754,f4,age10:arm_f_2_uaa10994,0.162,0.036,4.553,5.391e-06
NCT01989754,NCT01989754,f4,arm_f_2_uaa10994:sex,0.017,0.062,0.28,7.796e-01
NCT02025907,NCT02025907,f4,(Intercept),4.372,0.989,4.42,1.630e-05
NCT02025907,NCT02025907,f4,value_1,0.586,0.086,6.803,1.213e-10
NCT02025907,NCT02025907,f4,age10,-0.145,0.102,-1.431,1.540e-01
NCT02025907,NCT02025907,f4,arm_f_2_uaa11013,-1.845,0.869,-2.123,3.497e-02
NCT02025907,NCT02025907,f4,sex,-0.16,0.202,-0.794,4.279e-01
NCT02025907,NCT02025907,f4,age10:arm_f_2_uaa11013,0.183,0.147,1.248,2.136e-01
NCT02025907,NCT02025907,f4,arm_f_2_uaa11013:sex,0.001,0.287,0.003,9.975e-01
NCT02065791,NCT02065791,f4,(Intercept),4.651,0.233,19.963,1.072e-84
NCT02065791,NCT02065791,f4,value_1,0.483,0.017,28.991,2.668e-168
NCT02065791,NCT02065791,f4,age10,-0.104,0.03,-3.472,5.223e-04
NCT02065791,NCT02065791,f4,arm_f_2_uaa11038,0.099,0.248,0.401,6.883e-01
NCT02065791,NCT02065791,f4,sex,-0.094,0.065,-1.443,1.491e-01
NCT02065791,NCT02065791,f4,age10:arm_f_2_uaa11038,-0.034,0.042,-0.805,4.209e-01
NCT02065791,NCT02065791,f4,arm_f_2_uaa11038:sex,-0.066,0.091,-0.73,4.654e-01
NCT00968812,NCT00968812,f5,(Intercept),3.089,0.328,9.426,1.685e-20
NCT00968812,NCT00968812,f5,value_1,0.493,0.042,11.833,7.258e-31
NCT00968812,NCT00968812,f5,arm_f_2_uaa10456,0.832,0.466,1.787,7.408e-02
NCT00968812,NCT00968812,f5,arm_f_2_uaa10457,0.213,0.468,0.455,6.494e-01
NCT00968812,NCT00968812,f5,value_1:arm_f_2_uaa10456,-0.102,0.059,-1.718,8.594e-02
NCT00968812,NCT00968812,f5,value_1:arm_f_2_uaa10457,-0.036,0.06,-0.601,5.482e-01
NCT01032629,NCT01032629,f5,(Intercept),3.405,0.303,11.237,6.984e-29
NCT01032629,NCT01032629,f5,value_1,0.588,0.037,15.919,1.973e-55
NCT01032629,NCT01032629,f5,arm_f_2_uaa10512,0.32,0.424,0.756,4.495e-01
NCT01032629,NCT01032629,f5,arm_f_2_uaa10514,0.123,0.425,0.291,7.713e-01
NCT01032629,NCT01032629,f5,value_1:arm_f_2_uaa10512,-0.067,0.051,-1.307,1.914e-01
NCT01032629,NCT01032629,f5,value_1:arm_f_2_uaa10514,-0.044,0.052,-0.848,3.963e-01
NCT01106625,NCT01106625,f5,(Intercept),3.017,0.612,4.926,1.185e-06
NCT01106625,NCT01106625,f5,value_1,0.591,0.075,7.876,2.608e-14
NCT01106625,NCT01106625,f5,arm_f_2_uaa10569,0.822,0.846,0.972,3.318e-01
NCT01106625,NCT01106625,f5,arm_f_2_uaa10570,0.225,0.837,0.268,7.885e-01
NCT01106625,NCT01106625,f5,value_1:arm_f_2_uaa10569,-0.176,0.104,-1.7,8.988e-02
NCT01106625,NCT01106625,f5,value_1:arm_f_2_uaa10570,-0.132,0.102,-1.289,1.982e-01
NCT01081834,NCT01081834,f5,(Intercept),2.729,0.49,5.573,3.873e-08
NCT01081834,NCT01081834,f5,value_1,0.638,0.061,10.514,9.795e-24
NCT01081834,NCT01081834,f5,arm_f_2_uaa10548,-0.401,0.706,-0.568,5.700e-01
NCT01081834,NCT01081834,f5,arm_f_2_uaa10549,-0.442,0.687,-0.643,5.204e-01
NCT01081834,NCT01081834,f5,value_1:arm_f_2_uaa10548,-0.031,0.087,-0.356,7.221e-01
NCT01081834,NCT01081834,f5,value_1:arm_f_2_uaa10549,-0.053,0.085,-0.619,5.364e-01
NCT01106651,NCT01106651,f5,(Intercept),2.749,0.471,5.843,7.898e-09
NCT01106651,NCT01106651,f5,value_1,0.628,0.06,10.409,1.147e-23
NCT01106651,NCT01106651,f5,arm_f_2_uaa10573,0.396,0.664,0.596,5.516e-01
NCT01106651,NCT01106651,f5,arm_f_2_uaa10574,0.084,0.667,0.126,8.998e-01
NCT01106651,NCT01106651,f5,value_1:arm_f_2_uaa10573,-0.117,0.085,-1.369,1.715e-01
NCT01106651,NCT01106651,f5,value_1:arm_f_2_uaa10574,-0.097,0.086,-1.13,2.588e-01
NCT01106677,NCT01106677,f5,(Intercept),2.31,0.485,4.758,2.183e-06
NCT01106677,NCT01106677,f5,value_1,0.659,0.061,10.874,2.250e-26
NCT01106677,NCT01106677,f5,arm_f_2_uaa10577,0.922,0.599,1.537,1.245e-01
NCT01106677,NCT01106677,f5,arm_f_2_uaa10578,1.166,0.588,1.983,4.758e-02
NCT01106677,NCT01106677,f5,arm_f_2_uaa10580,-0.055,0.6,-0.091,9.272e-01
NCT01106677,NCT01106677,f5,value_1:arm_f_2_uaa10577,-0.171,0.075,-2.288,2.230e-02
NCT01106677,NCT01106677,f5,value_1:arm_f_2_uaa10578,-0.218,0.073,-2.966,3.073e-03
NCT01106677,NCT01106677,f5,value_1:arm_f_2_uaa10580,-0.056,0.075,-0.747,4.551e-01
NCT01106690,NCT01106690,f5,(Intercept),2.946,0.519,5.68,2.948e-08
NCT01106690,NCT01106690,f5,value_1,0.574,0.064,8.919,3.255e-17
NCT01106690,NCT01106690,f5,arm_f_2_uaa10582,0.002,0.777,0.002,9.981e-01
NCT01106690,NCT01106690,f5,arm_f_2_uaa10583,1.185,0.764,1.55,1.220e-01
NCT01106690,NCT01106690,f5,value_1:arm_f_2_uaa10582,-0.079,0.097,-0.809,4.189e-01
NCT01106690,NCT01106690,f5,value_1:arm_f_2_uaa10583,-0.209,0.095,-2.204,2.821e-02
NCT01137812,NCT01137812,f5,(Intercept),2.828,0.411,6.882,1.273e-11
NCT01137812,NCT01137812,f5,value_1,0.573,0.05,11.403,7.796e-28
NCT01137812,NCT01137812,f5,arm_f_2_uaa10614,0.772,0.579,1.334,1.826e-01
NCT01137812,NCT01137812,f5,value_1:arm_f_2_uaa10614,-0.141,0.071,-1.986,4.741e-02
NCT01381900,NCT01381900,f5,(Intercept),1.305,0.446,2.924,3.577e-03
NCT01381900,NCT01381900,f5,value_1,0.787,0.056,14.081,1.577e-39
NCT01381900,NCT01381900,f5,arm_f_2_uaa10741,1.867,0.643,2.904,3.811e-03
NCT01381900,NCT01381900,f5,arm_f_2_uaa10742,1.728,0.642,2.691,7.303e-03
NCT01381900,NCT01381900,f5,value_1:arm_f_2_uaa10741,-0.295,0.08,-3.675,2.576e-04
NCT01381900,NCT01381900,f5,value_1:arm_f_2_uaa10742,-0.291,0.08,-3.62,3.176e-04
NCT01809327,NCT01809327,f5,(Intercept),3.419,0.503,6.793,1.767e-11
NCT01809327,NCT01809327,f5,value_1,0.473,0.057,8.344,2.047e-16
NCT01809327,NCT01809327,f5,arm_f_2_uaa10933,-0.422,0.721,-0.585,5.584e-01
NCT01809327,NCT01809327,f5,arm_f_2_uaa10934,0.087,0.72,0.121,9.039e-01
NCT01809327,NCT01809327,f5,arm_f_2_uaa10935,1.376,0.754,1.825,6.823e-02
NCT01809327,NCT01809327,f5,arm_f_2_uaa10936,0.591,0.718,0.823,4.107e-01
NCT01809327,NCT01809327,f5,value_1:arm_f_2_uaa10933,0.034,0.081,0.421,6.741e-01
NCT01809327,NCT01809327,f5,value_1:arm_f_2_uaa10934,-0.025,0.081,-0.31,7.563e-01
NCT01809327,NCT01809327,f5,value_1:arm_f_2_uaa10935,-0.219,0.085,-2.582,9.946e-03
NCT01809327,NCT01809327,f5,value_1:arm_f_2_uaa10936,-0.127,0.08,-1.581,1.142e-01
NCT01989754,NCT01989754,f5,(Intercept),3.469,0.191,18.145,1.485e-71
NCT01989754,NCT01989754,f5,value_1,0.565,0.023,24.664,1.246e-127
NCT01989754,NCT01989754,f5,arm_f_2_uaa10994,0.09,0.265,0.339,7.349e-01
NCT01989754,NCT01989754,f5,value_1:arm_f_2_uaa10994,-0.07,0.032,-2.217,2.666e-02
NCT02025907,NCT02025907,f5,(Intercept),1.917,1.036,1.85,6.578e-02
NCT02025907,NCT02025907,f5,value_1,0.77,0.123,6.249,2.463e-09
NCT02025907,NCT02025907,f5,arm_f_2_uaa11013,1.973,1.438,1.372,1.716e-01
NCT02025907,NCT02025907,f5,value_1:arm_f_2_uaa11013,-0.33,0.169,-1.945,5.314e-02
NCT02065791,NCT02065791,f5,(Intercept),3.771,0.194,19.458,9.693e-81
NCT02065791,NCT02065791,f5,value_1,0.512,0.023,22.06,5.082e-102
NCT02065791,NCT02065791,f5,arm_f_2_uaa11038,0.076,0.276,0.274,7.844e-01
NCT02065791,NCT02065791,f5,value_1:arm_f_2_uaa11038,-0.025,0.033,-0.759,4.477e-01
NCT00968812,NCT00968812,f6,(Intercept),3.999,0.406,9.851,3.488e-22
NCT00968812,NCT00968812,f6,value_1,0.472,0.042,11.3,2.118e-28
NCT00968812,NCT00968812,f6,age10,-0.137,0.036,-3.767,1.723e-04
NCT00968812,NCT00968812,f6,arm_f_2_uaa10456,-0.367,0.565,-0.65,5.160e-01
NCT00968812,NCT00968812,f6,arm_f_2_uaa10457,-0.652,0.564,-1.156,2.479e-01
NCT00968812,NCT00968812,f6,age10:arm_f_2_uaa10456,0.184,0.05,3.655,2.671e-04
NCT00968812,NCT00968812,f6,age10:arm_f_2_uaa10457,0.13,0.051,2.545,1.105e-02
NCT00968812,NCT00968812,f6,value_1:arm_f_2_uaa10456,-0.077,0.059,-1.301,1.935e-01
NCT00968812,NCT00968812,f6,value_1:arm_f_2_uaa10457,-0.016,0.06,-0.266,7.905e-01
NCT01032629,NCT01032629,f6,(Intercept),4.467,0.417,10.723,1.753e-26
NCT01032629,NCT01032629,f6,value_1,0.573,0.037,15.505,9.381e-53
NCT01032629,NCT01032629,f6,age10,-0.155,0.042,-3.698,2.205e-04
NCT01032629,NCT01032629,f6,arm_f_2_uaa10512,0.519,0.585,0.888,3.744e-01
NCT01032629,NCT01032629,f6,arm_f_2_uaa10514,-0.516,0.583,-0.886,3.757e-01
NCT01032629,NCT01032629,f6,age10:arm_f_2_uaa10512,-0.026,0.059,-0.435,6.634e-01
NCT01032629,NCT01032629,f6,age10:arm_f_2_uaa10514,0.094,0.058,1.614,1.067e-01
NCT01032629,NCT01032629,f6,value_1:arm_f_2_uaa10512,-0.073,0.052,-1.41,1.587e-01
NCT01032629,NCT01032629,f6,value_1:arm_f_2_uaa10514,-0.035,0.052,-0.679,4.971e-01
NCT01106625,NCT01106625,f6,(Intercept),2.968,0.838,3.54,4.422e-04
NCT01106625,NCT01106625,f6,value_1,0.592,0.076,7.79,4.813e-14
NCT01106625,NCT01106625,f6,age10,0.007,0.084,0.085,9.319e-01
NCT01106625,NCT01106625,f6,arm_f_2_uaa10569,1.507,1.095,1.376,1.696e-01
NCT01106625,NCT01106625,f6,arm_f_2_uaa10570,0.005,1.122,0.004,9.967e-01
NCT01106625,NCT01106625,f6,age10:arm_f_2_uaa10569,-0.108,0.104,-1.032,3.027e-01
NCT01106625,NCT01106625,f6,age10:arm_f_2_uaa10570,0.035,0.112,0.31,7.563e-01
NCT01106625,NCT01106625,f6,value_1:arm_f_2_uaa10569,-0.185,0.105,-1.767,7.794e-02
NCT01106625,NCT01106625,f6,value_1:arm_f_2_uaa10570,-0.129,0.103,-1.248,2.128e-01
NCT01081834,NCT01081834,f6,(Intercept),3.114,0.612,5.088,4.943e-07
NCT01081834,NCT01081834,f6,value_1,0.63,0.061,10.303,6.410e-23
NCT01081834,NCT01081834,f6,age10,-0.058,0.055,-1.049,2.948e-01
NCT01081834,NCT01081834,f6,arm_f_2_uaa10548,-0.438,0.894,-0.49,6.241e-01
NCT01081834,NCT01081834,f6,arm_f_2_uaa10549,-1.09,0.827,-1.317,1.883e-01
NCT01081834,NCT01081834,f6,age10:arm_f_2_uaa10548,0.01,0.079,0.127,8.987e-01
NCT01081834,NCT01081834,f6,age10:arm_f_2_uaa10549,0.113,0.081,1.405,1.604e-01
NCT01081834,NCT01081834,f6,value_1:arm_f_2_uaa10548,-0.034,0.088,-0.381,7.036e-01
NCT01081834,NCT01081834,f6,value_1:arm_f_2_uaa10549,-0.05,0.086,-0.586,5.584e-01
NCT01106651,NCT01106651,f6,(Intercept),4.138,0.722,5.731,1.494e-08
NCT01106651,NCT01106651,f6,value_1,0.605,0.061,9.948,7.161e-22
NCT01106651,NCT01106651,f6,age10,-0.192,0.076,-2.53,1.163e-02
NCT01106651,NCT01106651,f6,arm_f_2_uaa10573,-0.73,1.012,-0.721,4.710e-01
NCT01106651,NCT01106651,f6,arm_f_2_uaa10574,-1.753,1.02,-1.719,8.599e-02
NCT01106651,NCT01106651,f6,age10:arm_f_2_uaa10573,0.156,0.105,1.487,1.376e-01
NCT01106651,NCT01106651,f6,age10:arm_f_2_uaa10574,0.257,0.11,2.343,1.943e-02
NCT01106651,NCT01106651,f6,value_1:arm_f_2_uaa10573,-0.098,0.086,-1.141,2.544e-01
NCT01106651,NCT01106651,f6,value_1:arm_f_2_uaa10574,-0.07,0.086,-0.808,4.194e-01
NCT01106677,NCT01106677,f6,(Intercept),2.819,0.611,4.617,4.305e-06
NCT01106677,NCT01106677,f6,value_1,0.647,0.061,10.597,3.532e-25
NCT01106677,NCT01106677,f6,age10,-0.077,0.056,-1.368,1.716e-01
NCT01106677,NCT01106677,f6,arm_f_2_uaa10577,0.235,0.74,0.317,7.512e-01
NCT01106677,NCT01106677,f6,arm_f_2_uaa10578,0.286,0.734,0.39,6.969e-01
NCT01106677,NCT01106677,f6,arm_f_2_uaa10580,0.059,0.753,0.079,9.371e-01
NCT01106677,NCT01106677,f6,age10:arm_f_2_uaa10577,0.109,0.069,1.568,1.172e-01
NCT01106677,NCT01106677,f6,age10:arm_f_2_uaa10578,0.142,0.07,2.025,4.310e-02
NCT01106677,NCT01106677,f6,age10:arm_f_2_uaa10580,-0.017,0.069,-0.247,8.053e-01
NCT01106677,NCT01106677,f6,value_1:arm_f_2_uaa10577,-0.158,0.075,-2.106,3.538e-02
NCT01106677,NCT01106677,f6,value_1:arm_f_2_uaa10578,-0.203,0.074,-2.755,5.960e-03
NCT01106677,NCT01106677,f6,value_1:arm_f_2_uaa10580,-0.059,0.076,-0.779,4.362e-01
NCT01106690,NCT01106690,f6,(Intercept),3.666,0.724,5.067,6.768e-07
NCT01106690,NCT01106690,f6,value_1,0.555,0.065,8.479,7.856e-16
NCT01106690,NCT01106690,f6,age10,-0.097,0.069,-1.418,1.572e-01
NCT01106690,NCT01106690,f6,arm_f_2_uaa10582,-1.296,1.035,-1.252,2.115e-01
NCT01106690,NCT01106690,f6,arm_f_2_uaa10583,-0.304,1.003,-0.303,7.621e-01
NCT01106690,NCT01106690,f6,age10:arm_f_2_uaa10582,0.178,0.095,1.882,6.068e-02
NCT01106690,NCT01106690,f6,age10:arm_f_2_uaa10583,0.214,0.093,2.301,2.202e-02
NCT01106690,NCT01106690,f6,value_1:arm_f_2_uaa10582,-0.044,0.099,-0.448,6.543e-01
NCT01106690,NCT01106690,f6,value_1:arm_f_2_uaa10583,-0.176,0.096,-1.844,6.610e-02
NCT01137812,NCT01137812,f6,(Intercept),3.867,0.538,7.19,1.610e-12
NCT01137812,NCT01137812,f6,value_1,0.551,0.051,10.891,1.073e-25
NCT01137812,NCT01137812,f6,age10,-0.151,0.051,-2.975,3.026e-03
NCT01137812,NCT01137812,f6,arm_f_2_uaa10614,-0.225,0.752,-0.299,7.650e-01
NCT01137812,NCT01137812,f6,age10:arm_f_2_uaa10614,0.145,0.07,2.091,3.684e-02
NCT01137812,NCT01137812,f6,value_1:arm_f_2_uaa10614,-0.119,0.071,-1.674,9.462e-02
NCT01381900,NCT01381900,f6,(Intercept),0.982,0.506,1.939,5.297e-02
NCT01381900,NCT01381900,f6,value_1,0.789,0.056,14.095,1.414e-39
NCT01381900,NCT01381900,f6,age10,0.064,0.047,1.354,1.763e-01
NCT01381900,NCT01381900,f6,arm_f_2_uaa10741,2.136,0.743,2.876,4.162e-03
NCT01381900,NCT01381900,f6,arm_f_2_uaa10742,1.927,0.743,2.592,9.758e-03
NCT01381900,NCT01381900,f6,age10:arm_f_2_uaa10741,-0.053,0.071,-0.749,4.540e-01
NCT01381900,NCT01381900,f6,age10:arm_f_2_uaa10742,-0.042,0.068,-0.625,5.322e-01
NCT01381900,NCT01381900,f6,value_1:arm_f_2_uaa10741,-0.297,0.081,-3.684,2.487e-04
NCT01381900,NCT01381900,f6,value_1:arm_f_2_uaa10742,-0.29,0.081,-3.595,3.487e-04
NCT01809327,NCT01809327,f6,(Intercept),3.245,0.652,4.975,7.523e-07
NCT01809327,NCT01809327,f6,value_1,0.476,0.057,8.352,1.940e-16
NCT01809327,NCT01809327,f6,age10,0.029,0.068,0.42,6.747e-01
NCT01809327,NCT01809327,f6,arm_f_2_uaa10933,-0.703,0.893,-0.787,4.312e-01
NCT01809327,NCT01809327,f6,arm_f_2_uaa10934,-0.806,0.956,-0.844,3.990e-01
NCT01809327,NCT01809327,f6,arm_f_2_uaa10935,1.052,0.936,1.124,2.610e-01
NCT01809327,NCT01809327,f6,arm_f_2_uaa10936,0.419,0.949,0.442,6.586e-01
NCT01809327,NCT01809327,f6,age10:arm_f_2_uaa10933,0.062,0.094,0.656,5.120e-01
NCT01809327,NCT01809327,f6,age10:arm_f_2_uaa10934,0.137,0.1,1.365,1.725e-01
NCT01809327,NCT01809327,f6,age10:arm_f_2_uaa10935,0.069,0.1,0.693,4.887e-01
NCT01809327,NCT01809327,f6,age10:arm_f_2_uaa10936,0.024,0.098,0.244,8.073e-01
NCT01809327,NCT01809327,f6,value_1:arm_f_2_uaa10933,0.031,0.082,0.38,7.038e-01
NCT01809327,NCT01809327,f6,value_1:arm_f_2_uaa10934,-0.006,0.082,-0.073,9.418e-01
NCT01809327,NCT01809327,f6,value_1:arm_f_2_uaa10935,-0.222,0.085,-2.61,9.181e-03
NCT01809327,NCT01809327,f6,value_1:arm_f_2_uaa10936,-0.122,0.081,-1.505,1.327e-01
NCT01989754,NCT01989754,f6,(Intercept),4.662,0.264,17.675,4.353e-68
NCT01989754,NCT01989754,f6,value_1,0.547,0.023,23.753,6.079e-119
NCT01989754,NCT01989754,f6,age10,-0.166,0.025,-6.54,6.692e-11
NCT01989754,NCT01989754,f6,arm_f_2_uaa10994,-1.001,0.371,-2.7,6.945e-03
NCT01989754,NCT01989754,f6,age10:arm_f_2_uaa10994,0.152,0.036,4.245,2.226e-05
NCT01989754,NCT01989754,f6,value_1:arm_f_2_uaa10994,-0.054,0.032,-1.678,9.346e-02
NCT02025907,NCT02025907,f6,(Intercept),2.763,1.256,2.199,2.902e-02
NCT02025907,NCT02025907,f6,value_1,0.751,0.124,6.038,7.628e-09
NCT02025907,NCT02025907,f6,age10,-0.12,0.101,-1.194,2.338e-01
NCT02025907,NCT02025907,f6,arm_f_2_uaa11013,0.994,1.753,0.567,5.715e-01
NCT02025907,NCT02025907,f6,age10:arm_f_2_uaa11013,0.14,0.146,0.959,3.387e-01
NCT02025907,NCT02025907,f6,value_1:arm_f_2_uaa11013,-0.309,0.171,-1.806,7.242e-02
NCT02065791,NCT02065791,f6,(Intercept),4.411,0.27,16.36,2.472e-58
NCT02065791,NCT02065791,f6,value_1,0.503,0.023,21.681,8.683e-99
NCT02065791,NCT02065791,f6,age10,-0.102,0.03,-3.401,6.784e-04
NCT02065791,NCT02065791,f6,arm_f_2_uaa11038,0.321,0.384,0.834,4.045e-01
NCT02065791,NCT02065791,f6,age10:arm_f_2_uaa11038,-0.038,0.043,-0.881,3.785e-01
NCT02065791,NCT02065791,f6,value_1:arm_f_2_uaa11038,-0.03,0.033,-0.893,3.719e-01
NCT00968812,NCT00968812,f7,(Intercept),3.083,0.327,9.414,1.879e-20
NCT00968812,NCT00968812,f7,value_1,0.503,0.042,12.005,1.126e-31
NCT00968812,NCT00968812,f7,sex,-0.138,0.067,-2.07,3.862e-02
NCT00968812,NCT00968812,f7,arm_f_2_uaa10456,0.837,0.465,1.8,7.207e-02
NCT00968812,NCT00968812,f7,arm_f_2_uaa10457,0.226,0.468,0.482,6.298e-01
NCT00968812,NCT00968812,f7,sex:arm_f_2_uaa10456,0.171,0.094,1.815,6.979e-02
NCT00968812,NCT00968812,f7,sex:arm_f_2_uaa10457,0.093,0.094,0.993,3.206e-01
NCT00968812,NCT00968812,f7,value_1:arm_f_2_uaa10456,-0.115,0.06,-1.919,5.516e-02
NCT00968812,NCT00968812,f7,value_1:arm_f_2_uaa10457,-0.044,0.06,-0.739,4.597e-01
NCT01032629,NCT01032629,f7,(Intercept),3.444,0.309,11.153,1.758e-28
NCT01032629,NCT01032629,f7,value_1,0.587,0.037,15.88,3.594e-55
NCT01032629,NCT01032629,f7,sex,-0.046,0.071,-0.646,5.185e-01
NCT01032629,NCT01032629,f7,arm_f_2_uaa10512,0.371,0.433,0.856,3.920e-01
NCT01032629,NCT01032629,f7,arm_f_2_uaa10514,0.157,0.432,0.363,7.166e-01
NCT01032629,NCT01032629,f7,sex:arm_f_2_uaa10512,-0.044,0.1,-0.439,6.607e-01
NCT01032629,NCT01032629,f7,sex:arm_f_2_uaa10514,-0.048,0.099,-0.479,6.317e-01
NCT01032629,NCT01032629,f7,value_1:arm_f_2_uaa10512,-0.07,0.052,-1.355,1.756e-01
NCT01032629,NCT01032629,f7,value_1:arm_f_2_uaa10514,-0.044,0.052,-0.854,3.934e-01
NCT01106625,NCT01106625,f7,(Intercept),2.998,0.615,4.877,1.505e-06
NCT01106625,NCT01106625,f7,value_1,0.59,0.075,7.864,2.867e-14
NCT01106625,NCT01106625,f7,sex,0.047,0.133,0.352,7.252e-01
NCT01106625,NCT01106625,f7,arm_f_2_uaa10569,0.865,0.848,1.02,3.082e-01
NCT01106625,NCT01106625,f7,arm_f_2_uaa10570,0.244,0.838,0.291,7.710e-01
NCT01106625,NCT01106625,f7,sex:arm_f_2_uaa10569,-0.258,0.187,-1.384,1.672e-01
NCT01106625,NCT01106625,f7,sex:arm_f_2_uaa10570,-0.026,0.189,-0.136,8.922e-01
NCT01106625,NCT01106625,f7,value_1:arm_f_2_uaa10569,-0.166,0.104,-1.594,1.116e-01
NCT01106625,NCT01106625,f7,value_1:arm_f_2_uaa10570,-0.133,0.103,-1.292,1.970e-01
NCT01081834,NCT01081834,f7,(Intercept),2.677,0.501,5.338,1.363e-07
NCT01081834,NCT01081834,f7,value_1,0.641,0.061,10.491,1.232e-23
NCT01081834,NCT01081834,f7,sex,0.061,0.121,0.504,6.143e-01
NCT01081834,NCT01081834,f7,arm_f_2_uaa10548,-0.359,0.716,-0.502,6.158e-01
NCT01081834,NCT01081834,f7,arm_f_2_uaa10549,-0.407,0.697,-0.585,5.589e-01
NCT01081834,NCT01081834,f7,sex:arm_f_2_uaa10548,-0.028,0.171,-0.164,8.696e-01
NCT01081834,NCT01081834,f7,sex:arm_f_2_uaa10549,0.009,0.17,0.054,9.571e-01
NCT01081834,NCT01081834,f7,value_1:arm_f_2_uaa10548,-0.034,0.088,-0.394,6.940e-01
NCT01081834,NCT01081834,f7,value_1:arm_f_2_uaa10549,-0.057,0.086,-0.672,5.020e-01
NCT01106651,NCT01106651,f7,(Intercept),2.767,0.471,5.873,6.673e-09
NCT01106651,NCT01106651,f7,value_1,0.635,0.061,10.467,6.911e-24
NCT01106651,NCT01106651,f7,sex,-0.116,0.097,-1.19,2.343e-01
NCT01106651,NCT01106651,f7,arm_f_2_uaa10573,0.381,0.665,0.572,5.673e-01
NCT01106651,NCT01106651,f7,arm_f_2_uaa10574,0.099,0.672,0.148,8.826e-01
NCT01106651,NCT01106651,f7,sex:arm_f_2_uaa10573,0.066,0.135,0.491,6.234e-01
NCT01106651,NCT01106651,f7,sex:arm_f_2_uaa10574,0.075,0.137,0.551,5.820e-01
NCT01106651,NCT01106651,f7,value_1:arm_f_2_uaa10573,-0.12,0.086,-1.407,1.599e-01
NCT01106651,NCT01106651,f7,value_1:arm_f_2_uaa10574,-0.105,0.086,-1.221,2.225e-01
NCT01106677,NCT01106677,f7,(Intercept),2.266,0.487,4.65,3.674e-06
NCT01106677,NCT01106677,f7,value_1,0.656,0.061,10.806,4.478e-26
NCT01106677,NCT01106677,f7,sex,0.133,0.109,1.222,2.218e-01
NCT01106677,NCT01106677,f7,arm_f_2_uaa10577,0.97,0.601,1.613,1.069e-01
NCT01106677,NCT01106677,f7,arm_f_2_uaa10578,1.211,0.59,2.054,4.021e-02
NCT01106677,NCT01106677,f7,arm_f_2_uaa10580,-0.019,0.602,-0.032,9.745e-01
NCT01106677,NCT01106677,f7,sex:arm_f_2_uaa10577,-0.111,0.133,-0.83,4.070e-01
NCT01106677,NCT01106677,f7,sex:arm_f_2_uaa10578,-0.128,0.134,-0.957,3.386e-01
NCT01106677,NCT01106677,f7,sex:arm_f_2_uaa10580,-0.084,0.134,-0.626,5.316e-01
NCT01106677,NCT01106677,f7,value_1:arm_f_2_uaa10577,-0.17,0.075,-2.26,2.397e-02
NCT01106677,NCT01106677,f7,value_1:arm_f_2_uaa10578,-0.215,0.074,-2.913,3.639e-03
NCT01106677,NCT01106677,f7,value_1:arm_f_2_uaa10580,-0.055,0.075,-0.729,4.662e-01
NCT01106690,NCT01106690,f7,(Intercept),2.879,0.523,5.5,7.663e-08
NCT01106690,NCT01106690,f7,value_1,0.573,0.064,8.907,3.667e-17
NCT01106690,NCT01106690,f7,sex,0.12,0.137,0.877,3.811e-01
NCT01106690,NCT01106690,f7,arm_f_2_uaa10582,-0.082,0.789,-0.104,9.172e-01
NCT01106690,NCT01106690,f7,arm_f_2_uaa10583,1.245,0.767,1.623,1.055e-01
NCT01106690,NCT01106690,f7,sex:arm_f_2_uaa10582,0.044,0.19,0.23,8.185e-01
NCT01106690,NCT01106690,f7,sex:arm_f_2_uaa10583,0.076,0.197,0.383,7.021e-01
NCT01106690,NCT01106690,f7,value_1:arm_f_2_uaa10582,-0.07,0.098,-0.715,4.753e-01
NCT01106690,NCT01106690,f7,value_1:arm_f_2_uaa10583,-0.224,0.095,-2.341,1.981e-02
NCT01137812,NCT01137812,f7,(Intercept),2.876,0.413,6.971,7.081e-12
NCT01137812,NCT01137812,f7,value_1,0.577,0.05,11.451,4.975e-28
NCT01137812,NCT01137812,f7,sex,-0.125,0.093,-1.344,1.794e-01
NCT01137812,NCT01137812,f7,arm_f_2_uaa10614,0.727,0.58,1.253,2.105e-01
NCT01137812,NCT01137812,f7,sex:arm_f_2_uaa10614,0.108,0.13,0.828,4.077e-01
NCT01137812,NCT01137812,f7,value_1:arm_f_2_uaa10614,-0.143,0.071,-2.01,4.475e-02
NCT01381900,NCT01381900,f7,(Intercept),1.339,0.45,2.973,3.053e-03
NCT01381900,NCT01381900,f7,value_1,0.787,0.056,14.087,1.551e-39
NCT01381900,NCT01381900,f7,sex,-0.054,0.1,-0.537,5.917e-01
NCT01381900,NCT01381900,f7,arm_f_2_uaa10741,1.877,0.647,2.903,3.821e-03
NCT01381900,NCT01381900,f7,arm_f_2_uaa10742,1.758,0.646,2.723,6.636e-03
NCT01381900,NCT01381900,f7,sex:arm_f_2_uaa10741,-0.054,0.142,-0.38,7.043e-01
NCT01381900,NCT01381900,f7,sex:arm_f_2_uaa10742,-0.122,0.141,-0.862,3.892e-01
NCT01381900,NCT01381900,f7,value_1:arm_f_2_uaa10741,-0.293,0.08,-3.647,2.867e-04
NCT01381900,NCT01381900,f7,value_1:arm_f_2_uaa10742,-0.287,0.08,-3.58,3.687e-04
NCT01809327,NCT01809327,f7,(Intercept),3.41,0.503,6.78,1.929e-11
NCT01809327,NCT01809327,f7,value_1,0.484,0.057,8.45,8.849e-17
NCT01809327,NCT01809327,f7,sex,-0.179,0.14,-1.281,2.006e-01
NCT01809327,NCT01809327,f7,arm_f_2_uaa10933,-0.298,0.723,-0.411,6.808e-01
NCT01809327,NCT01809327,f7,arm_f_2_uaa10934,0.141,0.721,0.195,8.453e-01
NCT01809327,NCT01809327,f7,arm_f_2_uaa10935,1.437,0.757,1.898,5.799e-02
NCT01809327,NCT01809327,f7,arm_f_2_uaa10936,0.589,0.718,0.821,4.121e-01
NCT01809327,NCT01809327,f7,sex:arm_f_2_uaa10933,-0.097,0.198,-0.488,6.256e-01
NCT01809327,NCT01809327,f7,sex:arm_f_2_uaa10934,0.049,0.198,0.247,8.047e-01
NCT01809327,NCT01809327,f7,sex:arm_f_2_uaa10935,0.086,0.197,0.438,6.614e-01
NCT01809327,NCT01809327,f7,sex:arm_f_2_uaa10936,0.246,0.197,1.245,2.132e-01
NCT01809327,NCT01809327,f7,value_1:arm_f_2_uaa10933,0.024,0.082,0.295,7.680e-01
NCT01809327,NCT01809327,f7,value_1:arm_f_2_uaa10934,-0.033,0.082,-0.408,6.834e-01
NCT01809327,NCT01809327,f7,value_1:arm_f_2_uaa10935,-0.231,0.085,-2.712,6.783e-03
NCT01809327,NCT01809327,f7,value_1:arm_f_2_uaa10936,-0.14,0.081,-1.734,8.314e-02
NCT01989754,NCT01989754,f7,(Intercept),3.554,0.193,18.378,2.647e-73
NCT01989754,NCT01989754,f7,value_1,0.564,0.023,24.636,2.293e-127
NCT01989754,NCT01989754,f7,sex,-0.122,0.044,-2.791,5.279e-03
NCT01989754,NCT01989754,f7,arm_f_2_uaa10994,0.107,0.27,0.397,6.911e-01
NCT01989754,NCT01989754,f7,sex:arm_f_2_uaa10994,0.006,0.062,0.104,9.169e-01
NCT01989754,NCT01989754,f7,value_1:arm_f_2_uaa10994,-0.073,0.032,-2.291,2.199e-02
NCT02025907,NCT02025907,f7,(Intercept),2.016,1.054,1.912,5.738e-02
NCT02025907,NCT02025907,f7,value_1,0.765,0.124,6.176,3.686e-09
NCT02025907,NCT02025907,f7,sex,-0.111,0.2,-0.554,5.800e-01
NCT02025907,NCT02025907,f7,arm_f_2_uaa11013,1.932,1.455,1.327,1.859e-01
NCT02025907,NCT02025907,f7,sex:arm_f_2_uaa11013,-0.034,0.284,-0.118,9.058e-01
NCT02025907,NCT02025907,f7,value_1:arm_f_2_uaa11013,-0.321,0.17,-1.887,6.068e-02
NCT02065791,NCT02065791,f7,(Intercept),3.866,0.206,18.782,1.429e-75
NCT02065791,NCT02065791,f7,value_1,0.507,0.023,21.695,6.722e-99
NCT02065791,NCT02065791,f7,sex,-0.089,0.066,-1.362,1.731e-01
NCT02065791,NCT02065791,f7,arm_f_2_uaa11038,0.144,0.292,0.493,6.223e-01
NCT02065791,NCT02065791,f7,sex:arm_f_2_uaa11038,-0.073,0.092,-0.795,4.266e-01
NCT02065791,NCT02065791,f7,value_1:arm_f_2_uaa11038,-0.028,0.033,-0.831,4.058e-01
NCT00968812,NCT00968812,f8,(Intercept),4.005,0.406,9.874,2.833e-22
NCT00968812,NCT00968812,f8,value_1,0.483,0.042,11.485,3.044e-29
NCT00968812,NCT00968812,f8,age10,-0.139,0.036,-3.819,1.398e-04
NCT00968812,NCT00968812,f8,arm_f_2_uaa10456,-0.369,0.565,-0.653,5.140e-01
NCT00968812,NCT00968812,f8,arm_f_2_uaa10457,-0.651,0.564,-1.154,2.488e-01
NCT00968812,NCT00968812,f8,sex,-0.144,0.066,-2.168,3.032e-02
NCT00968812,NCT00968812,f8,age10:arm_f_2_uaa10456,0.185,0.05,3.675,2.469e-04
NCT00968812,NCT00968812,f8,age10:arm_f_2_uaa10457,0.131,0.051,2.58,9.994e-03
NCT00968812,NCT00968812,f8,arm_f_2_uaa10456:sex,0.172,0.094,1.833,6.704e-02
NCT00968812,NCT00968812,f8,arm_f_2_uaa10457:sex,0.099,0.094,1.06,2.893e-01
NCT00968812,NCT00968812,f8,value_1:arm_f_2_uaa10456,-0.09,0.06,-1.503,1.331e-01
NCT00968812,NCT00968812,f8,value_1:arm_f_2_uaa10457,-0.025,0.06,-0.409,6.825e-01
NCT01032629,NCT01032629,f8,(Intercept),4.525,0.423,10.707,2.086e-26
NCT01032629,NCT01032629,f8,value_1,0.572,0.037,15.453,2.025e-52
NCT01032629,NCT01032629,f8,age10,-0.157,0.042,-3.73,1.941e-04
NCT01032629,NCT01032629,f8,arm_f_2_uaa10512,0.55,0.593,0.927,3.542e-01
NCT01032629,NCT01032629,f8,arm_f_2_uaa10514,-0.493,0.59,-0.835,4.037e-01
NCT01032629,NCT01032629,f8,sex,-0.057,0.07,-0.81,4.177e-01
NCT01032629,NCT01032629,f8,age10:arm_f_2_uaa10512,-0.024,0.059,-0.409,6.828e-01
NCT01032629,NCT01032629,f8,age10:arm_f_2_uaa10514,0.095,0.058,1.618,1.057e-01
NCT01032629,NCT01032629,f8,arm_f_2_uaa10512:sex,-0.032,0.099,-0.321,7.480e-01
NCT01032629,NCT01032629,f8,arm_f_2_uaa10514:sex,-0.038,0.099,-0.388,6.977e-01
NCT01032629,NCT01032629,f8,value_1:arm_f_2_uaa10512,-0.075,0.052,-1.449,1.474e-01
NCT01032629,NCT01032629,f8,value_1:arm_f_2_uaa10514,-0.035,0.052,-0.68,4.967e-01
NCT01106625,NCT01106625,f8,(Intercept),2.951,0.84,3.512,4.903e-04
NCT01106625,NCT01106625,f8,value_1,0.591,0.076,7.775,5.419e-14
NCT01106625,NCT01106625,f8,age10,0.007,0.084,0.082,9.343e-01
NCT01106625,NCT01106625,f8,arm_f_2_uaa10569,1.504,1.097,1.371,1.712e-01
NCT01106625,NCT01106625,f8,arm_f_2_uaa10570,0.023,1.124,0.02,9.837e-01
NCT01106625,NCT01106625,f8,sex,0.047,0.133,0.351,7.259e-01
NCT01106625,NCT01106625,f8,age10:arm_f_2_uaa10569,-0.101,0.104,-0.963,3.358e-01
NCT01106625,NCT01106625,f8,age10:arm_f_2_uaa10570,0.035,0.112,0.312,7.553e-01
NCT01106625,NCT01106625,f8,arm_f_2_uaa10569:sex,-0.244,0.187,-1.305,1.925e-01
NCT01106625,NCT01106625,f8,arm_f_2_uaa10570:sex,-0.026,0.189,-0.137,8.908e-01
NCT01106625,NCT01106625,f8,value_1:arm_f_2_uaa10569,-0.174,0.105,-1.662,9.719e-02
NCT01106625,NCT01106625,f8,value_1:arm_f_2_uaa10570,-0.13,0.104,-1.25,2.120e-01
NCT01081834,NCT01081834,f8,(Intercept),3.061,0.622,4.919,1.146e-06
NCT01081834,NCT01081834,f8,value_1,0.634,0.062,10.28,8.020e-23
NCT01081834,NCT01081834,f8,age10,-0.058,0.055,-1.044,2.971e-01
NCT01081834,NCT01081834,f8,arm_f_2_uaa10548,-0.4,0.905,-0.442,6.585e-01
NCT01081834,NCT01081834,f8,arm_f_2_uaa10549,-1.048,0.836,-1.254,2.105e-01
NCT01081834,NCT01081834,f8,sex,0.06,0.121,0.498,6.187e-01
NCT01081834,NCT01081834,f8,age10:arm_f_2_uaa10548,0.011,0.079,0.136,8.919e-01
NCT01081834,NCT01081834,f8,age10:arm_f_2_uaa10549,0.112,0.081,1.385,1.666e-01
NCT01081834,NCT01081834,f8,arm_f_2_uaa10548:sex,-0.035,0.172,-0.204,8.385e-01
NCT01081834,NCT01081834,f8,arm_f_2_uaa10549:sex,0.006,0.17,0.034,9.727e-01
NCT01081834,NCT01081834,f8,value_1:arm_f_2_uaa10548,-0.037,0.089,-0.415,6.787e-01
NCT01081834,NCT01081834,f8,value_1:arm_f_2_uaa10549,-0.055,0.086,-0.636,5.252e-01
NCT01106651,NCT01106651,f8,(Intercept),4.089,0.725,5.638,2.517e-08
NCT01106651,NCT01106651,f8,value_1,0.612,0.061,9.97,5.983e-22
NCT01106651,NCT01106651,f8,age10,-0.183,0.077,-2.393,1.697e-02
NCT01106651,NCT01106651,f8,arm_f_2_uaa10573,-0.705,1.016,-0.694,4.882e-01
NCT01106651,NCT01106651,f8,arm_f_2_uaa10574,-1.669,1.026,-1.626,1.044e-01
NCT01106651,NCT01106651,f8,sex,-0.086,0.098,-0.876,3.814e-01
NCT01106651,NCT01106651,f8,age10:arm_f_2_uaa10573,0.151,0.106,1.427,1.540e-01
NCT01106651,NCT01106651,f8,age10:arm_f_2_uaa10574,0.248,0.11,2.248,2.490e-02
NCT01106651,NCT01106651,f8,arm_f_2_uaa10573:sex,0.04,0.136,0.298,7.659e-01
NCT01106651,NCT01106651,f8,arm_f_2_uaa10574:sex,0.046,0.137,0.338,7.357e-01
NCT01106651,NCT01106651,f8,value_1:arm_f_2_uaa10573,-0.101,0.086,-1.166,2.439e-01
NCT01106651,NCT01106651,f8,value_1:arm_f_2_uaa10574,-0.077,0.087,-0.889,3.741e-01
NCT01106677,NCT01106677,f8,(Intercept),2.759,0.613,4.499,7.459e-06
NCT01106677,NCT01106677,f8,value_1,0.644,0.061,10.541,6.169e-25
NCT01106677,NCT01106677,f8,age10,-0.074,0.056,-1.319,1.874e-01
NCT01106677,NCT01106677,f8,arm_f_2_uaa10577,0.293,0.742,0.394,6.933e-01
NCT01106677,NCT01106677,f8,arm_f_2_uaa10578,0.346,0.737,0.469,6.389e-01
NCT01106677,NCT01106677,f8,arm_f_2_uaa10580,0.113,0.755,0.149,8.812e-01
NCT01106677,NCT01106677,f8,sex,0.127,0.108,1.172,2.414e-01
NCT01106677,NCT01106677,f8,age10:arm_f_2_uaa10577,0.107,0.069,1.543,1.231e-01
NCT01106677,NCT01106677,f8,age10:arm_f_2_uaa10578,0.139,0.07,1.984,4.746e-02
NCT01106677,NCT01106677,f8,age10:arm_f_2_uaa10580,-0.02,0.069,-0.29,7.716e-01
NCT01106677,NCT01106677,f8,arm_f_2_uaa10577:sex,-0.1,0.133,-0.749,4.538e-01
NCT01106677,NCT01106677,f8,arm_f_2_uaa10578:sex,-0.127,0.134,-0.948,3.434e-01
NCT01106677,NCT01106677,f8,arm_f_2_uaa10580:sex,-0.075,0.133,-0.563,5.738e-01
NCT01106677,NCT01106677,f8,value_1:arm_f_2_uaa10577,-0.158,0.076,-2.092,3.662e-02
NCT01106677,NCT01106677,f8,value_1:arm_f_2_uaa10578,-0.201,0.074,-2.706,6.904e-03
NCT01106677,NCT01106677,f8,value_1:arm_f_2_uaa10580,-0.058,0.076,-0.77,4.414e-01
NCT01106690,NCT01106690,f8,(Intercept),3.606,0.727,4.96,1.136e-06
NCT01106690,NCT01106690,f8,value_1,0.553,0.066,8.442,1.047e-15
NCT01106690,NCT01106690,f8,age10,-0.098,0.069,-1.436,1.521e-01
NCT01106690,NCT01106690,f8,arm_f_2_uaa10582,-1.238,1.037,-1.193,2.336e-01
NCT01106690,NCT01106690,f8,arm_f_2_uaa10583,-0.152,1.01,-0.15,8.805e-01
NCT01106690,NCT01106690,f8,sex,0.124,0.136,0.91,3.637e-01
NCT01106690,NCT01106690,f8,age10:arm_f_2_uaa10582,0.163,0.096,1.693,9.150e-02
NCT01106690,NCT01106690,f8,age10:arm_f_2_uaa10583,0.201,0.094,2.127,3.417e-02
NCT01106690,NCT01106690,f8,arm_f_2_uaa10582:sex,0.007,0.193,0.034,9.729e-01
NCT01106690,NCT01106690,f8,arm_f_2_uaa10583:sex,0.018,0.2,0.088,9.298e-01
NCT01106690,NCT01106690,f8,value_1:arm_f_2_uaa10582,-0.039,0.099,-0.399,6.904e-01
NCT01106690,NCT01106690,f8,value_1:arm_f_2_uaa10583,-0.188,0.097,-1.942,5.306e-02
NCT01137812,NCT01137812,f8,(Intercept),3.927,0.54,7.279,8.752e-13
NCT01137812,NCT01137812,f8,value_1,0.554,0.051,10.94,6.827e-26
NCT01137812,NCT01137812,f8,age10,-0.153,0.051,-3.004,2.753e-03
NCT01137812,NCT01137812,f8,arm_f_2_uaa10614,-0.284,0.753,-0.377,7.066e-01
NCT01137812,NCT01137812,f8,sex,-0.131,0.093,-1.413,1.579e-01
NCT01137812,NCT01137812,f8,age10:arm_f_2_uaa10614,0.147,0.07,2.115,3.477e-02
NCT01137812,NCT01137812,f8,arm_f_2_uaa10614:sex,0.114,0.13,0.879,3.797e-01
NCT01137812,NCT01137812,f8,value_1:arm_f_2_uaa10614,-0.122,0.072,-1.698,8.999e-02
NCT01381900,NCT01381900,f8,(Intercept),1.017,0.511,1.99,4.703e-02
NCT01381900,NCT01381900,f8,value_1,0.788,0.056,14.099,1.422e-39
NCT01381900,NCT01381900,f8,age10,0.063,0.047,1.337,1.817e-01
NCT01381900,NCT01381900,f8,arm_f_2_uaa10741,2.158,0.747,2.888,4.004e-03
NCT01381900,NCT01381900,f8,arm_f_2_uaa10742,2.018,0.75,2.691,7.297e-03
NCT01381900,NCT01381900,f8,sex,-0.049,0.1,-0.488,6.254e-01
NCT01381900,NCT01381900,f8,age10:arm_f_2_uaa10741,-0.055,0.071,-0.775,4.385e-01
NCT01381900,NCT01381900,f8,age10:arm_f_2_uaa10742,-0.052,0.068,-0.769,4.422e-01
NCT01381900,NCT01381900,f8,arm_f_2_uaa10741:sex,-0.058,0.142,-0.408,6.835e-01
NCT01381900,NCT01381900,f8,arm_f_2_uaa10742:sex,-0.124,0.142,-0.872,3.837e-01
NCT01381900,NCT01381900,f8,value_1:arm_f_2_uaa10741,-0.294,0.08,-3.658,2.753e-04
NCT01381900,NCT01381900,f8,value_1:arm_f_2_uaa10742,-0.288,0.081,-3.573,3.797e-04
NCT01809327,NCT01809327,f8,(Intercept),3.3,0.653,5.051,5.120e-07
NCT01809327,NCT01809327,f8,value_1,0.486,0.057,8.447,9.092e-17
NCT01809327,NCT01809327,f8,age10,0.018,0.069,0.263,7.927e-01
NCT01809327,NCT01809327,f8,arm_f_2_uaa10933,-0.624,0.897,-0.696,4.863e-01
NCT01809327,NCT01809327,f8,arm_f_2_uaa10934,-0.79,0.964,-0.819,4.128e-01
NCT01809327,NCT01809327,f8,arm_f_2_uaa10935,1.06,0.946,1.12,2.628e-01
NCT01809327,NCT01809327,f8,arm_f_2_uaa10936,0.327,0.952,0.344,7.311e-01
NCT01809327,NCT01809327,f8,sex,-0.175,0.141,-1.24,2.152e-01
NCT01809327,NCT01809327,f8,age10:arm_f_2_uaa10933,0.068,0.095,0.72,4.715e-01
NCT01809327,NCT01809327,f8,age10:arm_f_2_uaa10934,0.141,0.101,1.392,1.643e-01
NCT01809327,NCT01809327,f8,age10:arm_f_2_uaa10935,0.074,0.1,0.739,4.602e-01
NCT01809327,NCT01809327,f8,age10:arm_f_2_uaa10936,0.038,0.098,0.387,6.988e-01
NCT01809327,NCT01809327,f8,arm_f_2_uaa10933:sex,-0.095,0.198,-0.478,6.328e-01
NCT01809327,NCT01809327,f8,arm_f_2_uaa10934:sex,0.089,0.199,0.445,6.562e-01
NCT01809327,NCT01809327,f8,arm_f_2_uaa10935:sex,0.11,0.199,0.55,5.822e-01
NCT01809327,NCT01809327,f8,arm_f_2_uaa10936:sex,0.252,0.198,1.269,2.047e-01
NCT01809327,NCT01809327,f8,value_1:arm_f_2_uaa10933,0.022,0.082,0.272,7.859e-01
NCT01809327,NCT01809327,f8,value_1:arm_f_2_uaa10934,-0.015,0.082,-0.178,8.591e-01
NCT01809327,NCT01809327,f8,value_1:arm_f_2_uaa10935,-0.232,0.085,-2.722,6.596e-03
NCT01809327,NCT01809327,f8,value_1:arm_f_2_uaa10936,-0.134,0.082,-1.641,1.011e-01
NCT01989754,NCT01989754,f8,(Intercept),4.764,0.266,17.931,5.799e-70
NCT01989754,NCT01989754,f8,value_1,0.545,0.023,23.715,1.392e-118
NCT01989754,NCT01989754,f8,age10,-0.168,0.025,-6.615,4.071e-11
NCT01989754,NCT01989754,f8,arm_f_2_uaa10994,-0.995,0.374,-2.66,7.834e-03
NCT01989754,NCT01989754,f8,sex,-0.129,0.044,-2.953,3.157e-03
NCT01989754,NCT01989754,f8,age10:arm_f_2_uaa10994,0.153,0.036,4.277,1.926e-05
NCT01989754,NCT01989754,f8,arm_f_2_uaa10994:sex,0.013,0.062,0.208,8.354e-01
NCT01989754,NCT01989754,f8,value_1:arm_f_2_uaa10994,-0.056,0.032,-1.746,8.078e-02
NCT02025907,NCT02025907,f8,(Intercept),2.941,1.286,2.288,2.322e-02
NCT02025907,NCT02025907,f8,value_1,0.743,0.125,5.944,1.265e-08
NCT02025907,NCT02025907,f8,age10,-0.128,0.102,-1.261,2.089e-01
NCT02025907,NCT02025907,f8,arm_f_2_uaa11013,0.841,1.777,0.473,6.365e-01
NCT02025907,NCT02025907,f8,sex,-0.139,0.201,-0.691,4.903e-01
NCT02025907,NCT02025907,f8,age10:arm_f_2_uaa11013,0.153,0.147,1.039,3.002e-01
NCT02025907,NCT02025907,f8,arm_f_2_uaa11013:sex,-0.008,0.286,-0.029,9.766e-01
NCT02025907,NCT02025907,f8,value_1:arm_f_2_uaa11013,-0.297,0.172,-1.73,8.518e-02
NCT02065791,NCT02065791,f8,(Intercept),4.503,0.278,16.202,2.823e-57
NCT02065791,NCT02065791,f8,value_1,0.499,0.023,21.327,8.329e-96
NCT02065791,NCT02065791,f8,age10,-0.102,0.03,-3.395,6.932e-04
NCT02065791,NCT02065791,f8,arm_f_2_uaa11038,0.4,0.396,1.009,3.128e-01
NCT02065791,NCT02065791,f8,sex,-0.088,0.065,-1.346,1.783e-01
NCT02065791,NCT02065791,f8,age10:arm_f_2_uaa11038,-0.039,0.043,-0.905,3.655e-01
NCT02065791,NCT02065791,f8,arm_f_2_uaa11038:sex,-0.077,0.092,-0.845,3.982e-01
NCT02065791,NCT02065791,f8,value_1:arm_f_2_uaa11038,-0.032,0.033,-0.972,3.310e-01
